hour_idx,hour_start_utc,hour_end_utc,n_retweets,phase_id,phase_label
0,2021-12-25 15:00:00+0000,2021-12-25 16:00:00+0000,12,1,phase_1
1,2021-12-25 16:00:00+0000,2021-12-25 17:00:00+0000,22,1,phase_1
2,2021-12-25 17:00:00+0000,2021-12-25 18:00:00+0000,15,1,phase_1
3,2021-12-25 18:00:00+0000,2021-12-25 19:00:00+0000,18,1,phase_1
4,2021-12-25 19:00:00+0000,2021-12-25 20:00:00+0000,4,1,phase_1
5,2021-12-25 20:00:00+0000,2021-12-25 21:00:00+0000,18,1,phase_1
6,2021-12-25 21:00:00+0000,2021-12-25 22:00:00+0000,47,1,phase_1
7,2021-12-25 22:00:00+0000,2021-12-25 23:00:00+0000,69,1,phase_1
8,2021-12-25 23:00:00+0000,2021-12-26 00:00:00+0000,60,1,phase_1
9,2021-12-26 00:00:00+0000,2021-12-26 01:00:00+0000,87,1,phase_1
10,2021-12-26 01:00:00+0000,2021-12-26 02:00:00+0000,60,1,phase_1
11,2021-12-26 02:00:00+0000,2021-12-26 03:00:00+0000,38,1,phase_1
12,2021-12-26 03:00:00+0000,2021-12-26 04:00:00+0000,17,1,phase_1
13,2021-12-26 04:00:00+0000,2021-12-26 05:00:00+0000,7,1,phase_1
14,2021-12-26 05:00:00+0000,2021-12-26 06:00:00+0000,13,1,phase_1
15,2021-12-26 06:00:00+0000,2021-12-26 07:00:00+0000,42,1,phase_1
16,2021-12-26 07:00:00+0000,2021-12-26 08:00:00+0000,134,1,phase_1
17,2021-12-26 08:00:00+0000,2021-12-26 09:00:00+0000,297,2,phase_2
18,2021-12-26 09:00:00+0000,2021-12-26 10:00:00+0000,466,2,phase_2
19,2021-12-26 10:00:00+0000,2021-12-26 11:00:00+0000,540,2,phase_2
20,2021-12-26 11:00:00+0000,2021-12-26 12:00:00+0000,879,2,phase_2
21,2021-12-26 12:00:00+0000,2021-12-26 13:00:00+0000,1105,2,phase_2
22,2021-12-26 13:00:00+0000,2021-12-26 14:00:00+0000,889,2,phase_2
23,2021-12-26 14:00:00+0000,2021-12-26 15:00:00+0000,894,2,phase_2
24,2021-12-26 15:00:00+0000,2021-12-26 16:00:00+0000,1195,2,phase_2
25,2021-12-26 16:00:00+0000,2021-12-26 17:00:00+0000,866,2,phase_2
26,2021-12-26 17:00:00+0000,2021-12-26 18:00:00+0000,721,2,phase_2
27,2021-12-26 18:00:00+0000,2021-12-26 19:00:00+0000,653,2,phase_2
28,2021-12-26 19:00:00+0000,2021-12-26 20:00:00+0000,538,2,phase_2
29,2021-12-26 20:00:00+0000,2021-12-26 21:00:00+0000,563,2,phase_2
30,2021-12-26 21:00:00+0000,2021-12-26 22:00:00+0000,574,2,phase_2
31,2021-12-26 22:00:00+0000,2021-12-26 23:00:00+0000,590,2,phase_2
32,2021-12-26 23:00:00+0000,2021-12-27 00:00:00+0000,420,3,phase_3
33,2021-12-27 00:00:00+0000,2021-12-27 01:00:00+0000,358,3,phase_3
34,2021-12-27 01:00:00+0000,2021-12-27 02:00:00+0000,205,3,phase_3
35,2021-12-27 02:00:00+0000,2021-12-27 03:00:00+0000,108,3,phase_3
36,2021-12-27 03:00:00+0000,2021-12-27 04:00:00+0000,32,3,phase_3
37,2021-12-27 04:00:00+0000,2021-12-27 05:00:00+0000,48,3,phase_3
38,2021-12-27 05:00:00+0000,2021-12-27 06:00:00+0000,80,3,phase_3
39,2021-12-27 06:00:00+0000,2021-12-27 07:00:00+0000,129,3,phase_3
40,2021-12-27 07:00:00+0000,2021-12-27 08:00:00+0000,212,3,phase_3
41,2021-12-27 08:00:00+0000,2021-12-27 09:00:00+0000,298,3,phase_3
42,2021-12-27 09:00:00+0000,2021-12-27 10:00:00+0000,286,3,phase_3
43,2021-12-27 10:00:00+0000,2021-12-27 11:00:00+0000,304,3,phase_3
44,2021-12-27 11:00:00+0000,2021-12-27 12:00:00+0000,308,3,phase_3
45,2021-12-27 12:00:00+0000,2021-12-27 13:00:00+0000,464,3,phase_3
46,2021-12-27 13:00:00+0000,2021-12-27 14:00:00+0000,363,3,phase_3
47,2021-12-27 14:00:00+0000,2021-12-27 15:00:00+0000,239,3,phase_3
48,2021-12-27 15:00:00+0000,2021-12-27 16:00:00+0000,238,3,phase_3
49,2021-12-27 16:00:00+0000,2021-12-27 17:00:00+0000,293,3,phase_3
50,2021-12-27 17:00:00+0000,2021-12-27 18:00:00+0000,270,3,phase_3
51,2021-12-27 18:00:00+0000,2021-12-27 19:00:00+0000,255,3,phase_3
52,2021-12-27 19:00:00+0000,2021-12-27 20:00:00+0000,330,3,phase_3
53,2021-12-27 20:00:00+0000,2021-12-27 21:00:00+0000,200,3,phase_3
54,2021-12-27 21:00:00+0000,2021-12-27 22:00:00+0000,145,3,phase_3
55,2021-12-27 22:00:00+0000,2021-12-27 23:00:00+0000,177,3,phase_3
56,2021-12-27 23:00:00+0000,2021-12-28 00:00:00+0000,160,3,phase_3
57,2021-12-28 00:00:00+0000,2021-12-28 01:00:00+0000,89,4,phase_4
58,2021-12-28 01:00:00+0000,2021-12-28 02:00:00+0000,71,4,phase_4
59,2021-12-28 02:00:00+0000,2021-12-28 03:00:00+0000,31,4,phase_4
60,2021-12-28 03:00:00+0000,2021-12-28 04:00:00+0000,12,4,phase_4
61,2021-12-28 04:00:00+0000,2021-12-28 05:00:00+0000,12,4,phase_4
62,2021-12-28 05:00:00+0000,2021-12-28 06:00:00+0000,17,4,phase_4
63,2021-12-28 06:00:00+0000,2021-12-28 07:00:00+0000,65,4,phase_4
64,2021-12-28 07:00:00+0000,2021-12-28 08:00:00+0000,88,4,phase_4
65,2021-12-28 08:00:00+0000,2021-12-28 09:00:00+0000,110,4,phase_4
66,2021-12-28 09:00:00+0000,2021-12-28 10:00:00+0000,108,4,phase_4
67,2021-12-28 10:00:00+0000,2021-12-28 11:00:00+0000,87,4,phase_4
68,2021-12-28 11:00:00+0000,2021-12-28 12:00:00+0000,80,4,phase_4
69,2021-12-28 12:00:00+0000,2021-12-28 13:00:00+0000,53,4,phase_4
70,2021-12-28 13:00:00+0000,2021-12-28 14:00:00+0000,37,4,phase_4
71,2021-12-28 14:00:00+0000,2021-12-28 15:00:00+0000,32,4,phase_4
72,2021-12-28 15:00:00+0000,2021-12-28 16:00:00+0000,55,4,phase_4
73,2021-12-28 16:00:00+0000,2021-12-28 17:00:00+0000,39,4,phase_4
74,2021-12-28 17:00:00+0000,2021-12-28 18:00:00+0000,44,4,phase_4
75,2021-12-28 18:00:00+0000,2021-12-28 19:00:00+0000,42,4,phase_4
76,2021-12-28 19:00:00+0000,2021-12-28 20:00:00+0000,33,4,phase_4
77,2021-12-28 20:00:00+0000,2021-12-28 21:00:00+0000,31,4,phase_4
78,2021-12-28 21:00:00+0000,2021-12-28 22:00:00+0000,39,4,phase_4
79,2021-12-28 22:00:00+0000,2021-12-28 23:00:00+0000,30,4,phase_4
80,2021-12-28 23:00:00+0000,2021-12-29 00:00:00+0000,37,4,phase_4
81,2021-12-29 00:00:00+0000,2021-12-29 01:00:00+0000,19,5,phase_5
82,2021-12-29 01:00:00+0000,2021-12-29 02:00:00+0000,14,5,phase_5
83,2021-12-29 02:00:00+0000,2021-12-29 03:00:00+0000,4,5,phase_5
84,2021-12-29 03:00:00+0000,2021-12-29 04:00:00+0000,2,5,phase_5
85,2021-12-29 04:00:00+0000,2021-12-29 05:00:00+0000,5,5,phase_5
86,2021-12-29 05:00:00+0000,2021-12-29 06:00:00+0000,2,5,phase_5
87,2021-12-29 06:00:00+0000,2021-12-29 07:00:00+0000,8,5,phase_5
88,2021-12-29 07:00:00+0000,2021-12-29 08:00:00+0000,19,5,phase_5
89,2021-12-29 08:00:00+0000,2021-12-29 09:00:00+0000,28,5,phase_5
90,2021-12-29 09:00:00+0000,2021-12-29 10:00:00+0000,20,5,phase_5
91,2021-12-29 10:00:00+0000,2021-12-29 11:00:00+0000,41,5,phase_5
92,2021-12-29 11:00:00+0000,2021-12-29 12:00:00+0000,45,5,phase_5
93,2021-12-29 12:00:00+0000,2021-12-29 13:00:00+0000,28,5,phase_5
94,2021-12-29 13:00:00+0000,2021-12-29 14:00:00+0000,25,5,phase_5
95,2021-12-29 14:00:00+0000,2021-12-29 15:00:00+0000,32,5,phase_5
96,2021-12-29 15:00:00+0000,2021-12-29 16:00:00+0000,23,5,phase_5
97,2021-12-29 16:00:00+0000,2021-12-29 17:00:00+0000,43,5,phase_5
98,2021-12-29 17:00:00+0000,2021-12-29 18:00:00+0000,29,5,phase_5
99,2021-12-29 18:00:00+0000,2021-12-29 19:00:00+0000,31,5,phase_5
100,2021-12-29 19:00:00+0000,2021-12-29 20:00:00+0000,18,5,phase_5
101,2021-12-29 20:00:00+0000,2021-12-29 21:00:00+0000,18,5,phase_5
102,2021-12-29 21:00:00+0000,2021-12-29 22:00:00+0000,9,5,phase_5
103,2021-12-29 22:00:00+0000,2021-12-29 23:00:00+0000,17,5,phase_5
104,2021-12-29 23:00:00+0000,2021-12-30 00:00:00+0000,4,5,phase_5
105,2021-12-30 00:00:00+0000,2021-12-30 01:00:00+0000,12,5,phase_5
106,2021-12-30 01:00:00+0000,2021-12-30 02:00:00+0000,7,5,phase_5
107,2021-12-30 02:00:00+0000,2021-12-30 03:00:00+0000,9,5,phase_5
108,2021-12-30 03:00:00+0000,2021-12-30 04:00:00+0000,6,5,phase_5
109,2021-12-30 04:00:00+0000,2021-12-30 05:00:00+0000,1,5,phase_5
110,2021-12-30 05:00:00+0000,2021-12-30 06:00:00+0000,8,5,phase_5
111,2021-12-30 06:00:00+0000,2021-12-30 07:00:00+0000,8,5,phase_5
112,2021-12-30 07:00:00+0000,2021-12-30 08:00:00+0000,16,5,phase_5
113,2021-12-30 08:00:00+0000,2021-12-30 09:00:00+0000,17,5,phase_5
114,2021-12-30 09:00:00+0000,2021-12-30 10:00:00+0000,16,5,phase_5
115,2021-12-30 10:00:00+0000,2021-12-30 11:00:00+0000,14,5,phase_5
116,2021-12-30 11:00:00+0000,2021-12-30 12:00:00+0000,11,5,phase_5
117,2021-12-30 12:00:00+0000,2021-12-30 13:00:00+0000,8,5,phase_5
118,2021-12-30 13:00:00+0000,2021-12-30 14:00:00+0000,18,5,phase_5
119,2021-12-30 14:00:00+0000,2021-12-30 15:00:00+0000,16,5,phase_5
120,2021-12-30 15:00:00+0000,2021-12-30 16:00:00+0000,11,5,phase_5
121,2021-12-30 16:00:00+0000,2021-12-30 17:00:00+0000,5,6,phase_6
122,2021-12-30 17:00:00+0000,2021-12-30 18:00:00+0000,9,6,phase_6
123,2021-12-30 18:00:00+0000,2021-12-30 19:00:00+0000,6,6,phase_6
124,2021-12-30 19:00:00+0000,2021-12-30 20:00:00+0000,7,6,phase_6
125,2021-12-30 20:00:00+0000,2021-12-30 21:00:00+0000,7,6,phase_6
126,2021-12-30 21:00:00+0000,2021-12-30 22:00:00+0000,8,6,phase_6
127,2021-12-30 22:00:00+0000,2021-12-30 23:00:00+0000,7,6,phase_6
128,2021-12-30 23:00:00+0000,2021-12-31 00:00:00+0000,5,6,phase_6
129,2021-12-31 00:00:00+0000,2021-12-31 01:00:00+0000,6,6,phase_6
130,2021-12-31 01:00:00+0000,2021-12-31 02:00:00+0000,1,6,phase_6
131,2021-12-31 02:00:00+0000,2021-12-31 03:00:00+0000,3,6,phase_6
132,2021-12-31 03:00:00+0000,2021-12-31 04:00:00+0000,0,6,phase_6
133,2021-12-31 04:00:00+0000,2021-12-31 05:00:00+0000,2,6,phase_6
134,2021-12-31 05:00:00+0000,2021-12-31 06:00:00+0000,3,6,phase_6
135,2021-12-31 06:00:00+0000,2021-12-31 07:00:00+0000,1,6,phase_6
136,2021-12-31 07:00:00+0000,2021-12-31 08:00:00+0000,12,6,phase_6
137,2021-12-31 08:00:00+0000,2021-12-31 09:00:00+0000,3,6,phase_6
138,2021-12-31 09:00:00+0000,2021-12-31 10:00:00+0000,7,6,phase_6
139,2021-12-31 10:00:00+0000,2021-12-31 11:00:00+0000,3,6,phase_6
140,2021-12-31 11:00:00+0000,2021-12-31 12:00:00+0000,2,6,phase_6
141,2021-12-31 12:00:00+0000,2021-12-31 13:00:00+0000,2,6,phase_6
142,2021-12-31 13:00:00+0000,2021-12-31 14:00:00+0000,6,6,phase_6
143,2021-12-31 14:00:00+0000,2021-12-31 15:00:00+0000,2,6,phase_6
144,2021-12-31 15:00:00+0000,2021-12-31 16:00:00+0000,7,6,phase_6
145,2021-12-31 16:00:00+0000,2021-12-31 17:00:00+0000,5,6,phase_6
146,2021-12-31 17:00:00+0000,2021-12-31 18:00:00+0000,2,6,phase_6
147,2021-12-31 18:00:00+0000,2021-12-31 19:00:00+0000,4,6,phase_6
148,2021-12-31 19:00:00+0000,2021-12-31 20:00:00+0000,0,6,phase_6
149,2021-12-31 20:00:00+0000,2021-12-31 21:00:00+0000,0,6,phase_6
150,2021-12-31 21:00:00+0000,2021-12-31 22:00:00+0000,1,6,phase_6
151,2021-12-31 22:00:00+0000,2021-12-31 23:00:00+0000,2,6,phase_6
152,2021-12-31 23:00:00+0000,2022-01-01 00:00:00+0000,1,6,phase_6
153,2022-01-01 00:00:00+0000,2022-01-01 01:00:00+0000,0,6,phase_6
154,2022-01-01 01:00:00+0000,2022-01-01 02:00:00+0000,2,6,phase_6
155,2022-01-01 02:00:00+0000,2022-01-01 03:00:00+0000,0,6,phase_6
156,2022-01-01 03:00:00+0000,2022-01-01 04:00:00+0000,0,6,phase_6
157,2022-01-01 04:00:00+0000,2022-01-01 05:00:00+0000,0,6,phase_6
158,2022-01-01 05:00:00+0000,2022-01-01 06:00:00+0000,0,6,phase_6
159,2022-01-01 06:00:00+0000,2022-01-01 07:00:00+0000,1,6,phase_6
160,2022-01-01 07:00:00+0000,2022-01-01 08:00:00+0000,0,6,phase_6
161,2022-01-01 08:00:00+0000,2022-01-01 09:00:00+0000,0,6,phase_6
162,2022-01-01 09:00:00+0000,2022-01-01 10:00:00+0000,1,6,phase_6
163,2022-01-01 10:00:00+0000,2022-01-01 11:00:00+0000,3,6,phase_6
164,2022-01-01 11:00:00+0000,2022-01-01 12:00:00+0000,1,6,phase_6
165,2022-01-01 12:00:00+0000,2022-01-01 13:00:00+0000,0,6,phase_6
166,2022-01-01 13:00:00+0000,2022-01-01 14:00:00+0000,1,6,phase_6
167,2022-01-01 14:00:00+0000,2022-01-01 15:00:00+0000,1,6,phase_6
168,2022-01-01 15:00:00+0000,2022-01-01 16:00:00+0000,4,6,phase_6
169,2022-01-01 16:00:00+0000,2022-01-01 17:00:00+0000,2,6,phase_6
170,2022-01-01 17:00:00+0000,2022-01-01 18:00:00+0000,2,6,phase_6
171,2022-01-01 18:00:00+0000,2022-01-01 19:00:00+0000,9,6,phase_6
172,2022-01-01 19:00:00+0000,2022-01-01 20:00:00+0000,0,6,phase_6
173,2022-01-01 20:00:00+0000,2022-01-01 21:00:00+0000,6,6,phase_6
174,2022-01-01 21:00:00+0000,2022-01-01 22:00:00+0000,3,6,phase_6
175,2022-01-01 22:00:00+0000,2022-01-01 23:00:00+0000,2,6,phase_6
176,2022-01-01 23:00:00+0000,2022-01-02 00:00:00+0000,1,6,phase_6
177,2022-01-02 00:00:00+0000,2022-01-02 01:00:00+0000,0,6,phase_6
178,2022-01-02 01:00:00+0000,2022-01-02 02:00:00+0000,0,6,phase_6
179,2022-01-02 02:00:00+0000,2022-01-02 03:00:00+0000,1,6,phase_6
180,2022-01-02 03:00:00+0000,2022-01-02 04:00:00+0000,0,6,phase_6
181,2022-01-02 04:00:00+0000,2022-01-02 05:00:00+0000,0,6,phase_6
182,2022-01-02 05:00:00+0000,2022-01-02 06:00:00+0000,0,6,phase_6
183,2022-01-02 06:00:00+0000,2022-01-02 07:00:00+0000,1,6,phase_6
184,2022-01-02 07:00:00+0000,2022-01-02 08:00:00+0000,0,6,phase_6
185,2022-01-02 08:00:00+0000,2022-01-02 09:00:00+0000,0,6,phase_6
186,2022-01-02 09:00:00+0000,2022-01-02 10:00:00+0000,3,6,phase_6
187,2022-01-02 10:00:00+0000,2022-01-02 11:00:00+0000,2,6,phase_6
188,2022-01-02 11:00:00+0000,2022-01-02 12:00:00+0000,1,6,phase_6
189,2022-01-02 12:00:00+0000,2022-01-02 13:00:00+0000,1,6,phase_6
190,2022-01-02 13:00:00+0000,2022-01-02 14:00:00+0000,6,6,phase_6
191,2022-01-02 14:00:00+0000,2022-01-02 15:00:00+0000,8,6,phase_6
192,2022-01-02 15:00:00+0000,2022-01-02 16:00:00+0000,2,6,phase_6
193,2022-01-02 16:00:00+0000,2022-01-02 17:00:00+0000,3,6,phase_6
194,2022-01-02 17:00:00+0000,2022-01-02 18:00:00+0000,16,6,phase_6
195,2022-01-02 18:00:00+0000,2022-01-02 19:00:00+0000,11,6,phase_6
196,2022-01-02 19:00:00+0000,2022-01-02 20:00:00+0000,8,6,phase_6
197,2022-01-02 20:00:00+0000,2022-01-02 21:00:00+0000,3,6,phase_6
198,2022-01-02 21:00:00+0000,2022-01-02 22:00:00+0000,4,6,phase_6
199,2022-01-02 22:00:00+0000,2022-01-02 23:00:00+0000,2,6,phase_6
200,2022-01-02 23:00:00+0000,2022-01-03 00:00:00+0000,2,6,phase_6
201,2022-01-03 00:00:00+0000,2022-01-03 01:00:00+0000,1,6,phase_6
202,2022-01-03 01:00:00+0000,2022-01-03 02:00:00+0000,2,6,phase_6
203,2022-01-03 02:00:00+0000,2022-01-03 03:00:00+0000,2,6,phase_6
204,2022-01-03 03:00:00+0000,2022-01-03 04:00:00+0000,0,6,phase_6
205,2022-01-03 04:00:00+0000,2022-01-03 05:00:00+0000,0,6,phase_6
206,2022-01-03 05:00:00+0000,2022-01-03 06:00:00+0000,1,6,phase_6
207,2022-01-03 06:00:00+0000,2022-01-03 07:00:00+0000,1,6,phase_6
208,2022-01-03 07:00:00+0000,2022-01-03 08:00:00+0000,0,6,phase_6
209,2022-01-03 08:00:00+0000,2022-01-03 09:00:00+0000,12,6,phase_6
210,2022-01-03 09:00:00+0000,2022-01-03 10:00:00+0000,1,6,phase_6
211,2022-01-03 10:00:00+0000,2022-01-03 11:00:00+0000,4,6,phase_6
212,2022-01-03 11:00:00+0000,2022-01-03 12:00:00+0000,1,6,phase_6
213,2022-01-03 12:00:00+0000,2022-01-03 13:00:00+0000,1,6,phase_6
214,2022-01-03 13:00:00+0000,2022-01-03 14:00:00+0000,4,6,phase_6
215,2022-01-03 14:00:00+0000,2022-01-03 15:00:00+0000,1,6,phase_6
216,2022-01-03 15:00:00+0000,2022-01-03 16:00:00+0000,0,6,phase_6
217,2022-01-03 16:00:00+0000,2022-01-03 17:00:00+0000,3,6,phase_6
218,2022-01-03 17:00:00+0000,2022-01-03 18:00:00+0000,2,6,phase_6
219,2022-01-03 18:00:00+0000,2022-01-03 19:00:00+0000,1,6,phase_6
220,2022-01-03 19:00:00+0000,2022-01-03 20:00:00+0000,2,6,phase_6
221,2022-01-03 20:00:00+0000,2022-01-03 21:00:00+0000,7,6,phase_6
222,2022-01-03 21:00:00+0000,2022-01-03 22:00:00+0000,11,6,phase_6
223,2022-01-03 22:00:00+0000,2022-01-03 23:00:00+0000,35,6,phase_6
224,2022-01-03 23:00:00+0000,2022-01-04 00:00:00+0000,4,6,phase_6
225,2022-01-04 00:00:00+0000,2022-01-04 01:00:00+0000,0,6,phase_6
226,2022-01-04 01:00:00+0000,2022-01-04 02:00:00+0000,0,6,phase_6
227,2022-01-04 02:00:00+0000,2022-01-04 03:00:00+0000,1,6,phase_6
228,2022-01-04 03:00:00+0000,2022-01-04 04:00:00+0000,1,6,phase_6
229,2022-01-04 04:00:00+0000,2022-01-04 05:00:00+0000,1,6,phase_6
230,2022-01-04 05:00:00+0000,2022-01-04 06:00:00+0000,1,6,phase_6
231,2022-01-04 06:00:00+0000,2022-01-04 07:00:00+0000,1,6,phase_6
232,2022-01-04 07:00:00+0000,2022-01-04 08:00:00+0000,3,6,phase_6
233,2022-01-04 08:00:00+0000,2022-01-04 09:00:00+0000,5,6,phase_6
234,2022-01-04 09:00:00+0000,2022-01-04 10:00:00+0000,6,6,phase_6
235,2022-01-04 10:00:00+0000,2022-01-04 11:00:00+0000,2,6,phase_6
236,2022-01-04 11:00:00+0000,2022-01-04 12:00:00+0000,6,6,phase_6
237,2022-01-04 12:00:00+0000,2022-01-04 13:00:00+0000,4,6,phase_6
238,2022-01-04 13:00:00+0000,2022-01-04 14:00:00+0000,8,6,phase_6
239,2022-01-04 14:00:00+0000,2022-01-04 15:00:00+0000,4,6,phase_6
240,2022-01-04 15:00:00+0000,2022-01-04 16:00:00+0000,1,6,phase_6
241,2022-01-04 16:00:00+0000,2022-01-04 17:00:00+0000,2,6,phase_6
242,2022-01-04 17:00:00+0000,2022-01-04 18:00:00+0000,2,6,phase_6
243,2022-01-04 18:00:00+0000,2022-01-04 19:00:00+0000,12,6,phase_6
244,2022-01-04 19:00:00+0000,2022-01-04 20:00:00+0000,2,6,phase_6
245,2022-01-04 20:00:00+0000,2022-01-04 21:00:00+0000,1,6,phase_6
246,2022-01-04 21:00:00+0000,2022-01-04 22:00:00+0000,2,6,phase_6
247,2022-01-04 22:00:00+0000,2022-01-04 23:00:00+0000,0,6,phase_6
248,2022-01-04 23:00:00+0000,2022-01-05 00:00:00+0000,0,6,phase_6
249,2022-01-05 00:00:00+0000,2022-01-05 01:00:00+0000,0,6,phase_6
250,2022-01-05 01:00:00+0000,2022-01-05 02:00:00+0000,0,6,phase_6
251,2022-01-05 02:00:00+0000,2022-01-05 03:00:00+0000,0,6,phase_6
252,2022-01-05 03:00:00+0000,2022-01-05 04:00:00+0000,0,6,phase_6
253,2022-01-05 04:00:00+0000,2022-01-05 05:00:00+0000,0,6,phase_6
254,2022-01-05 05:00:00+0000,2022-01-05 06:00:00+0000,0,6,phase_6
255,2022-01-05 06:00:00+0000,2022-01-05 07:00:00+0000,0,6,phase_6
256,2022-01-05 07:00:00+0000,2022-01-05 08:00:00+0000,0,6,phase_6
257,2022-01-05 08:00:00+0000,2022-01-05 09:00:00+0000,0,6,phase_6
258,2022-01-05 09:00:00+0000,2022-01-05 10:00:00+0000,3,6,phase_6
259,2022-01-05 10:00:00+0000,2022-01-05 11:00:00+0000,10,6,phase_6
260,2022-01-05 11:00:00+0000,2022-01-05 12:00:00+0000,18,6,phase_6
261,2022-01-05 12:00:00+0000,2022-01-05 13:00:00+0000,10,6,phase_6
262,2022-01-05 13:00:00+0000,2022-01-05 14:00:00+0000,15,6,phase_6
263,2022-01-05 14:00:00+0000,2022-01-05 15:00:00+0000,2,6,phase_6
264,2022-01-05 15:00:00+0000,2022-01-05 16:00:00+0000,7,6,phase_6
265,2022-01-05 16:00:00+0000,2022-01-05 17:00:00+0000,4,6,phase_6
266,2022-01-05 17:00:00+0000,2022-01-05 18:00:00+0000,5,6,phase_6
267,2022-01-05 18:00:00+0000,2022-01-05 19:00:00+0000,7,6,phase_6
268,2022-01-05 19:00:00+0000,2022-01-05 20:00:00+0000,3,6,phase_6
269,2022-01-05 20:00:00+0000,2022-01-05 21:00:00+0000,4,6,phase_6
270,2022-01-05 21:00:00+0000,2022-01-05 22:00:00+0000,6,6,phase_6
271,2022-01-05 22:00:00+0000,2022-01-05 23:00:00+0000,3,6,phase_6
272,2022-01-05 23:00:00+0000,2022-01-06 00:00:00+0000,0,6,phase_6
273,2022-01-06 00:00:00+0000,2022-01-06 01:00:00+0000,0,6,phase_6
274,2022-01-06 01:00:00+0000,2022-01-06 02:00:00+0000,2,6,phase_6
275,2022-01-06 02:00:00+0000,2022-01-06 03:00:00+0000,0,6,phase_6
276,2022-01-06 03:00:00+0000,2022-01-06 04:00:00+0000,0,6,phase_6
277,2022-01-06 04:00:00+0000,2022-01-06 05:00:00+0000,0,6,phase_6
278,2022-01-06 05:00:00+0000,2022-01-06 06:00:00+0000,0,6,phase_6
279,2022-01-06 06:00:00+0000,2022-01-06 07:00:00+0000,0,6,phase_6
280,2022-01-06 07:00:00+0000,2022-01-06 08:00:00+0000,0,6,phase_6
281,2022-01-06 08:00:00+0000,2022-01-06 09:00:00+0000,0,6,phase_6
282,2022-01-06 09:00:00+0000,2022-01-06 10:00:00+0000,0,6,phase_6
283,2022-01-06 10:00:00+0000,2022-01-06 11:00:00+0000,0,6,phase_6
284,2022-01-06 11:00:00+0000,2022-01-06 12:00:00+0000,2,6,phase_6
285,2022-01-06 12:00:00+0000,2022-01-06 13:00:00+0000,0,6,phase_6
286,2022-01-06 13:00:00+0000,2022-01-06 14:00:00+0000,0,6,phase_6
287,2022-01-06 14:00:00+0000,2022-01-06 15:00:00+0000,0,6,phase_6
288,2022-01-06 15:00:00+0000,2022-01-06 16:00:00+0000,0,6,phase_6
289,2022-01-06 16:00:00+0000,2022-01-06 17:00:00+0000,1,6,phase_6
290,2022-01-06 17:00:00+0000,2022-01-06 18:00:00+0000,0,6,phase_6
291,2022-01-06 18:00:00+0000,2022-01-06 19:00:00+0000,0,6,phase_6
292,2022-01-06 19:00:00+0000,2022-01-06 20:00:00+0000,1,6,phase_6
293,2022-01-06 20:00:00+0000,2022-01-06 21:00:00+0000,0,6,phase_6
294,2022-01-06 21:00:00+0000,2022-01-06 22:00:00+0000,0,6,phase_6
295,2022-01-06 22:00:00+0000,2022-01-06 23:00:00+0000,1,6,phase_6
296,2022-01-06 23:00:00+0000,2022-01-07 00:00:00+0000,0,6,phase_6
297,2022-01-07 00:00:00+0000,2022-01-07 01:00:00+0000,0,6,phase_6
298,2022-01-07 01:00:00+0000,2022-01-07 02:00:00+0000,0,6,phase_6
299,2022-01-07 02:00:00+0000,2022-01-07 03:00:00+0000,0,6,phase_6
300,2022-01-07 03:00:00+0000,2022-01-07 04:00:00+0000,0,6,phase_6
301,2022-01-07 04:00:00+0000,2022-01-07 05:00:00+0000,1,6,phase_6
302,2022-01-07 05:00:00+0000,2022-01-07 06:00:00+0000,0,6,phase_6
303,2022-01-07 06:00:00+0000,2022-01-07 07:00:00+0000,0,6,phase_6
304,2022-01-07 07:00:00+0000,2022-01-07 08:00:00+0000,0,6,phase_6
305,2022-01-07 08:00:00+0000,2022-01-07 09:00:00+0000,0,6,phase_6
306,2022-01-07 09:00:00+0000,2022-01-07 10:00:00+0000,0,6,phase_6
307,2022-01-07 10:00:00+0000,2022-01-07 11:00:00+0000,0,6,phase_6
308,2022-01-07 11:00:00+0000,2022-01-07 12:00:00+0000,0,6,phase_6
309,2022-01-07 12:00:00+0000,2022-01-07 13:00:00+0000,0,6,phase_6
310,2022-01-07 13:00:00+0000,2022-01-07 14:00:00+0000,0,6,phase_6
311,2022-01-07 14:00:00+0000,2022-01-07 15:00:00+0000,0,6,phase_6
312,2022-01-07 15:00:00+0000,2022-01-07 16:00:00+0000,8,7,phase_7
313,2022-01-07 16:00:00+0000,2022-01-07 17:00:00+0000,14,7,phase_7
314,2022-01-07 17:00:00+0000,2022-01-07 18:00:00+0000,9,7,phase_7
315,2022-01-07 18:00:00+0000,2022-01-07 19:00:00+0000,8,7,phase_7
316,2022-01-07 19:00:00+0000,2022-01-07 20:00:00+0000,10,7,phase_7
317,2022-01-07 20:00:00+0000,2022-01-07 21:00:00+0000,13,7,phase_7
318,2022-01-07 21:00:00+0000,2022-01-07 22:00:00+0000,10,7,phase_7
319,2022-01-07 22:00:00+0000,2022-01-07 23:00:00+0000,11,7,phase_7
320,2022-01-07 23:00:00+0000,2022-01-08 00:00:00+0000,20,7,phase_7
321,2022-01-08 00:00:00+0000,2022-01-08 01:00:00+0000,17,7,phase_7
322,2022-01-08 01:00:00+0000,2022-01-08 02:00:00+0000,5,7,phase_7
323,2022-01-08 02:00:00+0000,2022-01-08 03:00:00+0000,5,7,phase_7
324,2022-01-08 03:00:00+0000,2022-01-08 04:00:00+0000,0,7,phase_7
325,2022-01-08 04:00:00+0000,2022-01-08 05:00:00+0000,3,7,phase_7
326,2022-01-08 05:00:00+0000,2022-01-08 06:00:00+0000,1,7,phase_7
327,2022-01-08 06:00:00+0000,2022-01-08 07:00:00+0000,5,7,phase_7
328,2022-01-08 07:00:00+0000,2022-01-08 08:00:00+0000,13,7,phase_7
329,2022-01-08 08:00:00+0000,2022-01-08 09:00:00+0000,10,7,phase_7
330,2022-01-08 09:00:00+0000,2022-01-08 10:00:00+0000,16,7,phase_7
331,2022-01-08 10:00:00+0000,2022-01-08 11:00:00+0000,15,7,phase_7
332,2022-01-08 11:00:00+0000,2022-01-08 12:00:00+0000,18,7,phase_7
333,2022-01-08 12:00:00+0000,2022-01-08 13:00:00+0000,11,7,phase_7
334,2022-01-08 13:00:00+0000,2022-01-08 14:00:00+0000,19,7,phase_7
335,2022-01-08 14:00:00+0000,2022-01-08 15:00:00+0000,13,7,phase_7
336,2022-01-08 15:00:00+0000,2022-01-08 16:00:00+0000,10,7,phase_7
337,2022-01-08 16:00:00+0000,2022-01-08 17:00:00+0000,10,7,phase_7
338,2022-01-08 17:00:00+0000,2022-01-08 18:00:00+0000,14,7,phase_7
339,2022-01-08 18:00:00+0000,2022-01-08 19:00:00+0000,8,7,phase_7
340,2022-01-08 19:00:00+0000,2022-01-08 20:00:00+0000,5,7,phase_7
341,2022-01-08 20:00:00+0000,2022-01-08 21:00:00+0000,7,7,phase_7
342,2022-01-08 21:00:00+0000,2022-01-08 22:00:00+0000,3,8,phase_8
343,2022-01-08 22:00:00+0000,2022-01-08 23:00:00+0000,3,8,phase_8
344,2022-01-08 23:00:00+0000,2022-01-09 00:00:00+0000,1,8,phase_8
345,2022-01-09 00:00:00+0000,2022-01-09 01:00:00+0000,4,8,phase_8
346,2022-01-09 01:00:00+0000,2022-01-09 02:00:00+0000,1,8,phase_8
347,2022-01-09 02:00:00+0000,2022-01-09 03:00:00+0000,0,8,phase_8
348,2022-01-09 03:00:00+0000,2022-01-09 04:00:00+0000,2,8,phase_8
349,2022-01-09 04:00:00+0000,2022-01-09 05:00:00+0000,0,8,phase_8
350,2022-01-09 05:00:00+0000,2022-01-09 06:00:00+0000,1,8,phase_8
351,2022-01-09 06:00:00+0000,2022-01-09 07:00:00+0000,1,8,phase_8
352,2022-01-09 07:00:00+0000,2022-01-09 08:00:00+0000,1,8,phase_8
353,2022-01-09 08:00:00+0000,2022-01-09 09:00:00+0000,2,8,phase_8
354,2022-01-09 09:00:00+0000,2022-01-09 10:00:00+0000,3,8,phase_8
355,2022-01-09 10:00:00+0000,2022-01-09 11:00:00+0000,1,8,phase_8
356,2022-01-09 11:00:00+0000,2022-01-09 12:00:00+0000,1,8,phase_8
357,2022-01-09 12:00:00+0000,2022-01-09 13:00:00+0000,2,8,phase_8
358,2022-01-09 13:00:00+0000,2022-01-09 14:00:00+0000,5,8,phase_8
359,2022-01-09 14:00:00+0000,2022-01-09 15:00:00+0000,7,8,phase_8
360,2022-01-09 15:00:00+0000,2022-01-09 16:00:00+0000,8,8,phase_8
361,2022-01-09 16:00:00+0000,2022-01-09 17:00:00+0000,6,8,phase_8
362,2022-01-09 17:00:00+0000,2022-01-09 18:00:00+0000,0,8,phase_8
363,2022-01-09 18:00:00+0000,2022-01-09 19:00:00+0000,1,8,phase_8
364,2022-01-09 19:00:00+0000,2022-01-09 20:00:00+0000,3,8,phase_8
365,2022-01-09 20:00:00+0000,2022-01-09 21:00:00+0000,1,8,phase_8
366,2022-01-09 21:00:00+0000,2022-01-09 22:00:00+0000,5,8,phase_8
367,2022-01-09 22:00:00+0000,2022-01-09 23:00:00+0000,5,8,phase_8
368,2022-01-09 23:00:00+0000,2022-01-10 00:00:00+0000,7,8,phase_8
369,2022-01-10 00:00:00+0000,2022-01-10 01:00:00+0000,3,8,phase_8
370,2022-01-10 01:00:00+0000,2022-01-10 02:00:00+0000,4,8,phase_8
371,2022-01-10 02:00:00+0000,2022-01-10 03:00:00+0000,2,8,phase_8
372,2022-01-10 03:00:00+0000,2022-01-10 04:00:00+0000,0,8,phase_8
373,2022-01-10 04:00:00+0000,2022-01-10 05:00:00+0000,0,8,phase_8
374,2022-01-10 05:00:00+0000,2022-01-10 06:00:00+0000,0,8,phase_8
375,2022-01-10 06:00:00+0000,2022-01-10 07:00:00+0000,1,8,phase_8
376,2022-01-10 07:00:00+0000,2022-01-10 08:00:00+0000,2,8,phase_8
377,2022-01-10 08:00:00+0000,2022-01-10 09:00:00+0000,0,8,phase_8
378,2022-01-10 09:00:00+0000,2022-01-10 10:00:00+0000,1,8,phase_8
379,2022-01-10 10:00:00+0000,2022-01-10 11:00:00+0000,0,8,phase_8
380,2022-01-10 11:00:00+0000,2022-01-10 12:00:00+0000,2,8,phase_8
381,2022-01-10 12:00:00+0000,2022-01-10 13:00:00+0000,6,8,phase_8
382,2022-01-10 13:00:00+0000,2022-01-10 14:00:00+0000,2,8,phase_8
383,2022-01-10 14:00:00+0000,2022-01-10 15:00:00+0000,10,8,phase_8
384,2022-01-10 15:00:00+0000,2022-01-10 16:00:00+0000,1,8,phase_8
385,2022-01-10 16:00:00+0000,2022-01-10 17:00:00+0000,0,8,phase_8
386,2022-01-10 17:00:00+0000,2022-01-10 18:00:00+0000,2,8,phase_8
387,2022-01-10 18:00:00+0000,2022-01-10 19:00:00+0000,33,8,phase_8
388,2022-01-10 19:00:00+0000,2022-01-10 20:00:00+0000,20,8,phase_8
389,2022-01-10 20:00:00+0000,2022-01-10 21:00:00+0000,11,8,phase_8
390,2022-01-10 21:00:00+0000,2022-01-10 22:00:00+0000,5,8,phase_8
391,2022-01-10 22:00:00+0000,2022-01-10 23:00:00+0000,9,8,phase_8
392,2022-01-10 23:00:00+0000,2022-01-11 00:00:00+0000,4,8,phase_8
393,2022-01-11 00:00:00+0000,2022-01-11 01:00:00+0000,2,8,phase_8
394,2022-01-11 01:00:00+0000,2022-01-11 02:00:00+0000,1,8,phase_8
395,2022-01-11 02:00:00+0000,2022-01-11 03:00:00+0000,0,8,phase_8
396,2022-01-11 03:00:00+0000,2022-01-11 04:00:00+0000,0,8,phase_8
397,2022-01-11 04:00:00+0000,2022-01-11 05:00:00+0000,0,8,phase_8
398,2022-01-11 05:00:00+0000,2022-01-11 06:00:00+0000,0,8,phase_8
399,2022-01-11 06:00:00+0000,2022-01-11 07:00:00+0000,0,8,phase_8
400,2022-01-11 07:00:00+0000,2022-01-11 08:00:00+0000,4,8,phase_8
401,2022-01-11 08:00:00+0000,2022-01-11 09:00:00+0000,6,8,phase_8
402,2022-01-11 09:00:00+0000,2022-01-11 10:00:00+0000,1,8,phase_8
403,2022-01-11 10:00:00+0000,2022-01-11 11:00:00+0000,2,8,phase_8
404,2022-01-11 11:00:00+0000,2022-01-11 12:00:00+0000,1,8,phase_8
405,2022-01-11 12:00:00+0000,2022-01-11 13:00:00+0000,0,8,phase_8
406,2022-01-11 13:00:00+0000,2022-01-11 14:00:00+0000,2,8,phase_8
407,2022-01-11 14:00:00+0000,2022-01-11 15:00:00+0000,0,8,phase_8
408,2022-01-11 15:00:00+0000,2022-01-11 16:00:00+0000,0,8,phase_8
409,2022-01-11 16:00:00+0000,2022-01-11 17:00:00+0000,3,8,phase_8
410,2022-01-11 17:00:00+0000,2022-01-11 18:00:00+0000,5,8,phase_8
411,2022-01-11 18:00:00+0000,2022-01-11 19:00:00+0000,1,8,phase_8
412,2022-01-11 19:00:00+0000,2022-01-11 20:00:00+0000,1,8,phase_8
413,2022-01-11 20:00:00+0000,2022-01-11 21:00:00+0000,2,8,phase_8
414,2022-01-11 21:00:00+0000,2022-01-11 22:00:00+0000,0,8,phase_8
415,2022-01-11 22:00:00+0000,2022-01-11 23:00:00+0000,4,8,phase_8
416,2022-01-11 23:00:00+0000,2022-01-12 00:00:00+0000,1,8,phase_8
417,2022-01-12 00:00:00+0000,2022-01-12 01:00:00+0000,0,8,phase_8
418,2022-01-12 01:00:00+0000,2022-01-12 02:00:00+0000,1,8,phase_8
419,2022-01-12 02:00:00+0000,2022-01-12 03:00:00+0000,0,8,phase_8
420,2022-01-12 03:00:00+0000,2022-01-12 04:00:00+0000,0,8,phase_8
421,2022-01-12 04:00:00+0000,2022-01-12 05:00:00+0000,1,8,phase_8
422,2022-01-12 05:00:00+0000,2022-01-12 06:00:00+0000,0,8,phase_8
423,2022-01-12 06:00:00+0000,2022-01-12 07:00:00+0000,1,8,phase_8
424,2022-01-12 07:00:00+0000,2022-01-12 08:00:00+0000,0,8,phase_8
425,2022-01-12 08:00:00+0000,2022-01-12 09:00:00+0000,1,8,phase_8
426,2022-01-12 09:00:00+0000,2022-01-12 10:00:00+0000,0,8,phase_8
427,2022-01-12 10:00:00+0000,2022-01-12 11:00:00+0000,0,8,phase_8
428,2022-01-12 11:00:00+0000,2022-01-12 12:00:00+0000,2,8,phase_8
429,2022-01-12 12:00:00+0000,2022-01-12 13:00:00+0000,6,8,phase_8
430,2022-01-12 13:00:00+0000,2022-01-12 14:00:00+0000,3,8,phase_8
431,2022-01-12 14:00:00+0000,2022-01-12 15:00:00+0000,10,8,phase_8
432,2022-01-12 15:00:00+0000,2022-01-12 16:00:00+0000,10,8,phase_8
433,2022-01-12 16:00:00+0000,2022-01-12 17:00:00+0000,2,8,phase_8
434,2022-01-12 17:00:00+0000,2022-01-12 18:00:00+0000,2,8,phase_8
435,2022-01-12 18:00:00+0000,2022-01-12 19:00:00+0000,7,8,phase_8
436,2022-01-12 19:00:00+0000,2022-01-12 20:00:00+0000,3,8,phase_8
437,2022-01-12 20:00:00+0000,2022-01-12 21:00:00+0000,5,8,phase_8
438,2022-01-12 21:00:00+0000,2022-01-12 22:00:00+0000,7,8,phase_8
439,2022-01-12 22:00:00+0000,2022-01-12 23:00:00+0000,1,8,phase_8
440,2022-01-12 23:00:00+0000,2022-01-13 00:00:00+0000,1,8,phase_8
441,2022-01-13 00:00:00+0000,2022-01-13 01:00:00+0000,1,8,phase_8
442,2022-01-13 01:00:00+0000,2022-01-13 02:00:00+0000,4,8,phase_8
443,2022-01-13 02:00:00+0000,2022-01-13 03:00:00+0000,2,8,phase_8
444,2022-01-13 03:00:00+0000,2022-01-13 04:00:00+0000,2,8,phase_8
445,2022-01-13 04:00:00+0000,2022-01-13 05:00:00+0000,1,8,phase_8
446,2022-01-13 05:00:00+0000,2022-01-13 06:00:00+0000,1,8,phase_8
447,2022-01-13 06:00:00+0000,2022-01-13 07:00:00+0000,3,8,phase_8
448,2022-01-13 07:00:00+0000,2022-01-13 08:00:00+0000,1,8,phase_8
