post_type,bin_start_utc,emotion_group,n,bin_total,percent
post,2021-12-25 15:00:00+00:00,fear,1,5,20.0
post,2021-12-25 15:00:00+00:00,sadness,4,5,80.0
post,2021-12-25 18:00:00+00:00,Other,1,4,25.0
post,2021-12-25 18:00:00+00:00,anger,2,4,50.0
post,2021-12-25 18:00:00+00:00,sadness,1,4,25.0
post,2021-12-25 21:00:00+00:00,Other,13,38,34.21052631578947
post,2021-12-25 21:00:00+00:00,anger,5,38,13.157894736842104
post,2021-12-25 21:00:00+00:00,disgust,5,38,13.157894736842104
post,2021-12-25 21:00:00+00:00,fear,5,38,13.157894736842104
post,2021-12-25 21:00:00+00:00,sadness,10,38,26.31578947368421
post,2021-12-26 00:00:00+00:00,Other,13,42,30.952380952380953
post,2021-12-26 00:00:00+00:00,anger,6,42,14.285714285714286
post,2021-12-26 00:00:00+00:00,disgust,1,42,2.380952380952381
post,2021-12-26 00:00:00+00:00,fear,6,42,14.285714285714286
post,2021-12-26 00:00:00+00:00,sadness,16,42,38.095238095238095
post,2021-12-26 03:00:00+00:00,Other,2,12,16.666666666666668
post,2021-12-26 03:00:00+00:00,anger,4,12,33.333333333333336
post,2021-12-26 03:00:00+00:00,disgust,1,12,8.333333333333334
post,2021-12-26 03:00:00+00:00,fear,1,12,8.333333333333334
post,2021-12-26 03:00:00+00:00,sadness,4,12,33.333333333333336
post,2021-12-26 06:00:00+00:00,Other,23,93,24.731182795698924
post,2021-12-26 06:00:00+00:00,anger,24,93,25.806451612903224
post,2021-12-26 06:00:00+00:00,disgust,5,93,5.376344086021505
post,2021-12-26 06:00:00+00:00,fear,8,93,8.602150537634408
post,2021-12-26 06:00:00+00:00,sadness,33,93,35.483870967741936
post,2021-12-26 09:00:00+00:00,Other,80,349,22.922636103151863
post,2021-12-26 09:00:00+00:00,anger,68,349,19.484240687679083
post,2021-12-26 09:00:00+00:00,disgust,38,349,10.888252148997134
post,2021-12-26 09:00:00+00:00,fear,20,349,5.730659025787966
post,2021-12-26 09:00:00+00:00,sadness,143,349,40.97421203438395
post,2021-12-26 12:00:00+00:00,Other,129,507,25.443786982248522
post,2021-12-26 12:00:00+00:00,anger,115,507,22.682445759368836
post,2021-12-26 12:00:00+00:00,disgust,54,507,10.650887573964496
post,2021-12-26 12:00:00+00:00,fear,54,507,10.650887573964496
post,2021-12-26 12:00:00+00:00,sadness,155,507,30.57199211045365
post,2021-12-26 15:00:00+00:00,Other,86,400,21.5
post,2021-12-26 15:00:00+00:00,anger,91,400,22.75
post,2021-12-26 15:00:00+00:00,disgust,45,400,11.25
post,2021-12-26 15:00:00+00:00,fear,42,400,10.5
post,2021-12-26 15:00:00+00:00,sadness,136,400,34.0
post,2021-12-26 18:00:00+00:00,Other,85,357,23.80952380952381
post,2021-12-26 18:00:00+00:00,anger,84,357,23.529411764705884
post,2021-12-26 18:00:00+00:00,disgust,48,357,13.445378151260504
post,2021-12-26 18:00:00+00:00,fear,24,357,6.722689075630252
post,2021-12-26 18:00:00+00:00,sadness,116,357,32.49299719887955
post,2021-12-26 21:00:00+00:00,Other,82,291,28.1786941580756
post,2021-12-26 21:00:00+00:00,anger,70,291,24.054982817869416
post,2021-12-26 21:00:00+00:00,disgust,36,291,12.371134020618557
post,2021-12-26 21:00:00+00:00,fear,21,291,7.216494845360825
post,2021-12-26 21:00:00+00:00,sadness,82,291,28.1786941580756
post,2021-12-27 00:00:00+00:00,Other,23,93,24.731182795698924
post,2021-12-27 00:00:00+00:00,anger,21,93,22.580645161290324
post,2021-12-27 00:00:00+00:00,disgust,16,93,17.204301075268816
post,2021-12-27 00:00:00+00:00,fear,8,93,8.602150537634408
post,2021-12-27 00:00:00+00:00,sadness,25,93,26.881720430107528
post,2021-12-27 03:00:00+00:00,Other,6,31,19.35483870967742
post,2021-12-27 03:00:00+00:00,anger,5,31,16.129032258064516
post,2021-12-27 03:00:00+00:00,disgust,7,31,22.580645161290324
post,2021-12-27 03:00:00+00:00,fear,4,31,12.903225806451612
post,2021-12-27 03:00:00+00:00,sadness,9,31,29.032258064516128
post,2021-12-27 06:00:00+00:00,Other,29,130,22.307692307692307
post,2021-12-27 06:00:00+00:00,anger,30,130,23.076923076923077
post,2021-12-27 06:00:00+00:00,disgust,25,130,19.23076923076923
post,2021-12-27 06:00:00+00:00,fear,13,130,10.0
post,2021-12-27 06:00:00+00:00,sadness,33,130,25.384615384615383
post,2021-12-27 09:00:00+00:00,Other,58,200,29.0
post,2021-12-27 09:00:00+00:00,anger,58,200,29.0
post,2021-12-27 09:00:00+00:00,disgust,29,200,14.5
post,2021-12-27 09:00:00+00:00,fear,13,200,6.5
post,2021-12-27 09:00:00+00:00,sadness,42,200,21.0
post,2021-12-27 12:00:00+00:00,Other,49,171,28.65497076023392
post,2021-12-27 12:00:00+00:00,anger,49,171,28.65497076023392
post,2021-12-27 12:00:00+00:00,disgust,24,171,14.035087719298245
post,2021-12-27 12:00:00+00:00,fear,12,171,7.017543859649122
post,2021-12-27 12:00:00+00:00,sadness,37,171,21.637426900584796
post,2021-12-27 15:00:00+00:00,Other,46,147,31.292517006802722
post,2021-12-27 15:00:00+00:00,anger,28,147,19.047619047619047
post,2021-12-27 15:00:00+00:00,disgust,28,147,19.047619047619047
post,2021-12-27 15:00:00+00:00,fear,10,147,6.802721088435374
post,2021-12-27 15:00:00+00:00,sadness,35,147,23.80952380952381
post,2021-12-27 18:00:00+00:00,Other,27,117,23.076923076923077
post,2021-12-27 18:00:00+00:00,anger,29,117,24.786324786324787
post,2021-12-27 18:00:00+00:00,disgust,20,117,17.094017094017094
post,2021-12-27 18:00:00+00:00,fear,9,117,7.6923076923076925
post,2021-12-27 18:00:00+00:00,sadness,32,117,27.35042735042735
post,2021-12-27 21:00:00+00:00,Other,16,91,17.582417582417584
post,2021-12-27 21:00:00+00:00,anger,22,91,24.175824175824175
post,2021-12-27 21:00:00+00:00,disgust,22,91,24.175824175824175
post,2021-12-27 21:00:00+00:00,fear,4,91,4.395604395604396
post,2021-12-27 21:00:00+00:00,sadness,27,91,29.67032967032967
post,2021-12-28 00:00:00+00:00,Other,3,27,11.11111111111111
post,2021-12-28 00:00:00+00:00,anger,12,27,44.44444444444444
post,2021-12-28 00:00:00+00:00,disgust,3,27,11.11111111111111
post,2021-12-28 00:00:00+00:00,fear,3,27,11.11111111111111
post,2021-12-28 00:00:00+00:00,sadness,6,27,22.22222222222222
post,2021-12-28 03:00:00+00:00,Other,4,14,28.571428571428573
post,2021-12-28 03:00:00+00:00,anger,4,14,28.571428571428573
post,2021-12-28 03:00:00+00:00,disgust,3,14,21.428571428571427
post,2021-12-28 03:00:00+00:00,sadness,3,14,21.428571428571427
post,2021-12-28 06:00:00+00:00,Other,10,68,14.705882352941176
post,2021-12-28 06:00:00+00:00,anger,23,68,33.8235294117647
post,2021-12-28 06:00:00+00:00,disgust,12,68,17.647058823529413
post,2021-12-28 06:00:00+00:00,fear,5,68,7.352941176470588
post,2021-12-28 06:00:00+00:00,sadness,18,68,26.470588235294116
post,2021-12-28 09:00:00+00:00,Other,25,75,33.333333333333336
post,2021-12-28 09:00:00+00:00,anger,19,75,25.333333333333332
post,2021-12-28 09:00:00+00:00,disgust,12,75,16.0
post,2021-12-28 09:00:00+00:00,fear,5,75,6.666666666666667
post,2021-12-28 09:00:00+00:00,sadness,14,75,18.666666666666668
post,2021-12-28 12:00:00+00:00,Other,11,41,26.829268292682926
post,2021-12-28 12:00:00+00:00,anger,5,41,12.195121951219512
post,2021-12-28 12:00:00+00:00,disgust,7,41,17.073170731707318
post,2021-12-28 12:00:00+00:00,fear,7,41,17.073170731707318
post,2021-12-28 12:00:00+00:00,sadness,11,41,26.829268292682926
post,2021-12-28 15:00:00+00:00,Other,8,27,29.62962962962963
post,2021-12-28 15:00:00+00:00,anger,7,27,25.925925925925927
post,2021-12-28 15:00:00+00:00,disgust,4,27,14.814814814814815
post,2021-12-28 15:00:00+00:00,fear,1,27,3.7037037037037037
post,2021-12-28 15:00:00+00:00,sadness,7,27,25.925925925925927
post,2021-12-28 18:00:00+00:00,Other,14,43,32.55813953488372
post,2021-12-28 18:00:00+00:00,anger,11,43,25.58139534883721
post,2021-12-28 18:00:00+00:00,disgust,4,43,9.30232558139535
post,2021-12-28 18:00:00+00:00,fear,2,43,4.651162790697675
post,2021-12-28 18:00:00+00:00,sadness,12,43,27.906976744186046
post,2021-12-28 21:00:00+00:00,Other,14,45,31.11111111111111
post,2021-12-28 21:00:00+00:00,anger,11,45,24.444444444444443
post,2021-12-28 21:00:00+00:00,disgust,5,45,11.11111111111111
post,2021-12-28 21:00:00+00:00,fear,4,45,8.88888888888889
post,2021-12-28 21:00:00+00:00,sadness,11,45,24.444444444444443
post,2021-12-29 00:00:00+00:00,Other,1,9,11.11111111111111
post,2021-12-29 00:00:00+00:00,anger,2,9,22.22222222222222
post,2021-12-29 00:00:00+00:00,disgust,3,9,33.333333333333336
post,2021-12-29 00:00:00+00:00,fear,3,9,33.333333333333336
post,2021-12-29 03:00:00+00:00,Other,3,6,50.0
post,2021-12-29 03:00:00+00:00,anger,1,6,16.666666666666668
post,2021-12-29 03:00:00+00:00,sadness,2,6,33.333333333333336
post,2021-12-29 06:00:00+00:00,Other,10,21,47.61904761904762
post,2021-12-29 06:00:00+00:00,anger,2,21,9.523809523809524
post,2021-12-29 06:00:00+00:00,disgust,3,21,14.285714285714286
post,2021-12-29 06:00:00+00:00,sadness,6,21,28.571428571428573
post,2021-12-29 09:00:00+00:00,Other,7,28,25.0
post,2021-12-29 09:00:00+00:00,anger,10,28,35.714285714285715
post,2021-12-29 09:00:00+00:00,disgust,6,28,21.428571428571427
post,2021-12-29 09:00:00+00:00,fear,1,28,3.5714285714285716
post,2021-12-29 09:00:00+00:00,sadness,4,28,14.285714285714286
post,2021-12-29 12:00:00+00:00,Other,9,36,25.0
post,2021-12-29 12:00:00+00:00,anger,9,36,25.0
post,2021-12-29 12:00:00+00:00,disgust,5,36,13.88888888888889
post,2021-12-29 12:00:00+00:00,fear,3,36,8.333333333333334
post,2021-12-29 12:00:00+00:00,sadness,10,36,27.77777777777778
post,2021-12-29 15:00:00+00:00,Other,8,33,24.242424242424242
post,2021-12-29 15:00:00+00:00,anger,16,33,48.484848484848484
post,2021-12-29 15:00:00+00:00,disgust,4,33,12.121212121212121
post,2021-12-29 15:00:00+00:00,sadness,5,33,15.151515151515152
post,2021-12-29 18:00:00+00:00,Other,3,22,13.636363636363637
post,2021-12-29 18:00:00+00:00,anger,11,22,50.0
post,2021-12-29 18:00:00+00:00,disgust,1,22,4.545454545454546
post,2021-12-29 18:00:00+00:00,fear,3,22,13.636363636363637
post,2021-12-29 18:00:00+00:00,sadness,4,22,18.181818181818183
post,2021-12-29 21:00:00+00:00,Other,4,22,18.181818181818183
post,2021-12-29 21:00:00+00:00,anger,10,22,45.45454545454545
post,2021-12-29 21:00:00+00:00,disgust,1,22,4.545454545454546
post,2021-12-29 21:00:00+00:00,fear,4,22,18.181818181818183
post,2021-12-29 21:00:00+00:00,sadness,3,22,13.636363636363637
post,2021-12-30 00:00:00+00:00,Other,1,7,14.285714285714286
post,2021-12-30 00:00:00+00:00,anger,2,7,28.571428571428573
post,2021-12-30 00:00:00+00:00,disgust,2,7,28.571428571428573
post,2021-12-30 00:00:00+00:00,sadness,2,7,28.571428571428573
post,2021-12-30 03:00:00+00:00,Other,1,4,25.0
post,2021-12-30 03:00:00+00:00,anger,1,4,25.0
post,2021-12-30 03:00:00+00:00,fear,1,4,25.0
post,2021-12-30 03:00:00+00:00,sadness,1,4,25.0
post,2021-12-30 06:00:00+00:00,Other,2,6,33.333333333333336
post,2021-12-30 06:00:00+00:00,anger,3,6,50.0
post,2021-12-30 06:00:00+00:00,sadness,1,6,16.666666666666668
post,2021-12-30 09:00:00+00:00,Other,1,8,12.5
post,2021-12-30 09:00:00+00:00,anger,5,8,62.5
post,2021-12-30 09:00:00+00:00,sadness,2,8,25.0
post,2021-12-30 12:00:00+00:00,Other,1,9,11.11111111111111
post,2021-12-30 12:00:00+00:00,anger,4,9,44.44444444444444
post,2021-12-30 12:00:00+00:00,disgust,2,9,22.22222222222222
post,2021-12-30 12:00:00+00:00,sadness,2,9,22.22222222222222
post,2021-12-30 15:00:00+00:00,Other,4,15,26.666666666666668
post,2021-12-30 15:00:00+00:00,anger,3,15,20.0
post,2021-12-30 15:00:00+00:00,disgust,2,15,13.333333333333334
post,2021-12-30 15:00:00+00:00,fear,2,15,13.333333333333334
post,2021-12-30 15:00:00+00:00,sadness,4,15,26.666666666666668
post,2021-12-30 18:00:00+00:00,Other,1,6,16.666666666666668
post,2021-12-30 18:00:00+00:00,anger,3,6,50.0
post,2021-12-30 18:00:00+00:00,sadness,2,6,33.333333333333336
post,2021-12-30 21:00:00+00:00,Other,1,4,25.0
post,2021-12-30 21:00:00+00:00,anger,1,4,25.0
post,2021-12-30 21:00:00+00:00,disgust,1,4,25.0
post,2021-12-30 21:00:00+00:00,sadness,1,4,25.0
post,2021-12-31 00:00:00+00:00,anger,1,2,50.0
post,2021-12-31 00:00:00+00:00,sadness,1,2,50.0
post,2021-12-31 06:00:00+00:00,Other,1,2,50.0
post,2021-12-31 06:00:00+00:00,sadness,1,2,50.0
post,2021-12-31 09:00:00+00:00,sadness,2,2,100.0
post,2021-12-31 12:00:00+00:00,Other,3,7,42.857142857142854
post,2021-12-31 12:00:00+00:00,disgust,2,7,28.571428571428573
post,2021-12-31 12:00:00+00:00,fear,1,7,14.285714285714286
post,2021-12-31 12:00:00+00:00,sadness,1,7,14.285714285714286
post,2021-12-31 15:00:00+00:00,sadness,2,2,100.0
post,2021-12-31 18:00:00+00:00,Other,1,1,100.0
post,2022-01-01 03:00:00+00:00,Other,1,2,50.0
post,2022-01-01 03:00:00+00:00,anger,1,2,50.0
post,2022-01-01 06:00:00+00:00,disgust,1,1,100.0
post,2022-01-01 09:00:00+00:00,Other,1,2,50.0
post,2022-01-01 09:00:00+00:00,anger,1,2,50.0
post,2022-01-01 12:00:00+00:00,Other,4,6,66.66666666666667
post,2022-01-01 12:00:00+00:00,anger,1,6,16.666666666666668
post,2022-01-01 12:00:00+00:00,disgust,1,6,16.666666666666668
post,2022-01-01 15:00:00+00:00,Other,1,2,50.0
post,2022-01-01 15:00:00+00:00,sadness,1,2,50.0
post,2022-01-01 18:00:00+00:00,anger,2,3,66.66666666666667
post,2022-01-01 18:00:00+00:00,disgust,1,3,33.333333333333336
post,2022-01-02 00:00:00+00:00,disgust,1,2,50.0
post,2022-01-02 00:00:00+00:00,sadness,1,2,50.0
post,2022-01-02 06:00:00+00:00,Other,1,1,100.0
post,2022-01-02 09:00:00+00:00,Other,1,4,25.0
post,2022-01-02 09:00:00+00:00,anger,1,4,25.0
post,2022-01-02 09:00:00+00:00,disgust,1,4,25.0
post,2022-01-02 09:00:00+00:00,sadness,1,4,25.0
post,2022-01-02 12:00:00+00:00,Other,1,2,50.0
post,2022-01-02 12:00:00+00:00,sadness,1,2,50.0
post,2022-01-02 15:00:00+00:00,Other,5,7,71.42857142857143
post,2022-01-02 15:00:00+00:00,anger,1,7,14.285714285714286
post,2022-01-02 15:00:00+00:00,sadness,1,7,14.285714285714286
post,2022-01-02 18:00:00+00:00,Other,2,7,28.571428571428573
post,2022-01-02 18:00:00+00:00,anger,1,7,14.285714285714286
post,2022-01-02 18:00:00+00:00,disgust,2,7,28.571428571428573
post,2022-01-02 18:00:00+00:00,fear,1,7,14.285714285714286
post,2022-01-02 18:00:00+00:00,sadness,1,7,14.285714285714286
post,2022-01-02 21:00:00+00:00,Other,1,2,50.0
post,2022-01-02 21:00:00+00:00,disgust,1,2,50.0
post,2022-01-03 06:00:00+00:00,fear,1,1,100.0
post,2022-01-03 09:00:00+00:00,Other,1,2,50.0
post,2022-01-03 09:00:00+00:00,sadness,1,2,50.0
post,2022-01-03 12:00:00+00:00,Other,1,1,100.0
post,2022-01-03 15:00:00+00:00,disgust,2,4,50.0
post,2022-01-03 15:00:00+00:00,sadness,2,4,50.0
post,2022-01-03 18:00:00+00:00,Other,2,3,66.66666666666667
post,2022-01-03 18:00:00+00:00,anger,1,3,33.333333333333336
post,2022-01-03 21:00:00+00:00,Other,2,6,33.333333333333336
post,2022-01-03 21:00:00+00:00,anger,1,6,16.666666666666668
post,2022-01-03 21:00:00+00:00,disgust,3,6,50.0
post,2022-01-04 06:00:00+00:00,anger,1,1,100.0
post,2022-01-04 09:00:00+00:00,anger,3,3,100.0
post,2022-01-04 12:00:00+00:00,Other,2,5,40.0
post,2022-01-04 12:00:00+00:00,anger,1,5,20.0
post,2022-01-04 12:00:00+00:00,disgust,2,5,40.0
post,2022-01-04 15:00:00+00:00,Other,2,3,66.66666666666667
post,2022-01-04 15:00:00+00:00,anger,1,3,33.333333333333336
post,2022-01-04 18:00:00+00:00,Other,1,3,33.333333333333336
post,2022-01-04 18:00:00+00:00,anger,2,3,66.66666666666667
post,2022-01-04 21:00:00+00:00,Other,1,1,100.0
post,2022-01-05 09:00:00+00:00,Other,2,4,50.0
post,2022-01-05 09:00:00+00:00,anger,2,4,50.0
post,2022-01-05 12:00:00+00:00,Other,2,3,66.66666666666667
post,2022-01-05 12:00:00+00:00,sadness,1,3,33.333333333333336
post,2022-01-05 15:00:00+00:00,Other,1,2,50.0
post,2022-01-05 15:00:00+00:00,anger,1,2,50.0
post,2022-01-05 18:00:00+00:00,anger,1,2,50.0
post,2022-01-05 18:00:00+00:00,disgust,1,2,50.0
post,2022-01-06 00:00:00+00:00,anger,1,1,100.0
post,2022-01-06 18:00:00+00:00,Other,1,1,100.0
post,2022-01-06 21:00:00+00:00,anger,1,1,100.0
post,2022-01-07 00:00:00+00:00,disgust,1,1,100.0
post,2022-01-07 12:00:00+00:00,anger,1,1,100.0
post,2022-01-07 15:00:00+00:00,anger,4,7,57.142857142857146
post,2022-01-07 15:00:00+00:00,disgust,3,7,42.857142857142854
post,2022-01-07 18:00:00+00:00,Other,2,9,22.22222222222222
post,2022-01-07 18:00:00+00:00,anger,6,9,66.66666666666667
post,2022-01-07 18:00:00+00:00,disgust,1,9,11.11111111111111
post,2022-01-07 21:00:00+00:00,anger,4,6,66.66666666666667
post,2022-01-07 21:00:00+00:00,disgust,1,6,16.666666666666668
post,2022-01-07 21:00:00+00:00,fear,1,6,16.666666666666668
post,2022-01-08 00:00:00+00:00,sadness,1,1,100.0
post,2022-01-08 03:00:00+00:00,Other,1,2,50.0
post,2022-01-08 03:00:00+00:00,anger,1,2,50.0
post,2022-01-08 06:00:00+00:00,anger,3,5,60.0
post,2022-01-08 06:00:00+00:00,disgust,1,5,20.0
post,2022-01-08 06:00:00+00:00,fear,1,5,20.0
post,2022-01-08 09:00:00+00:00,Other,1,9,11.11111111111111
post,2022-01-08 09:00:00+00:00,anger,5,9,55.55555555555556
post,2022-01-08 09:00:00+00:00,disgust,3,9,33.333333333333336
post,2022-01-08 12:00:00+00:00,disgust,2,3,66.66666666666667
post,2022-01-08 12:00:00+00:00,sadness,1,3,33.333333333333336
post,2022-01-08 15:00:00+00:00,Other,2,4,50.0
post,2022-01-08 15:00:00+00:00,anger,1,4,25.0
post,2022-01-08 15:00:00+00:00,disgust,1,4,25.0
post,2022-01-08 18:00:00+00:00,disgust,1,1,100.0
post,2022-01-09 09:00:00+00:00,disgust,1,1,100.0
post,2022-01-09 12:00:00+00:00,Other,3,3,100.0
post,2022-01-09 15:00:00+00:00,Other,1,1,100.0
post,2022-01-09 18:00:00+00:00,Other,3,6,50.0
post,2022-01-09 18:00:00+00:00,fear,1,6,16.666666666666668
post,2022-01-09 18:00:00+00:00,sadness,2,6,33.333333333333336
post,2022-01-09 21:00:00+00:00,Other,14,18,77.77777777777777
post,2022-01-09 21:00:00+00:00,anger,2,18,11.11111111111111
post,2022-01-09 21:00:00+00:00,disgust,2,18,11.11111111111111
post,2022-01-10 00:00:00+00:00,Other,2,4,50.0
post,2022-01-10 00:00:00+00:00,anger,1,4,25.0
post,2022-01-10 00:00:00+00:00,sadness,1,4,25.0
post,2022-01-10 09:00:00+00:00,sadness,1,1,100.0
post,2022-01-10 12:00:00+00:00,Other,2,2,100.0
post,2022-01-10 15:00:00+00:00,Other,1,2,50.0
post,2022-01-10 15:00:00+00:00,sadness,1,2,50.0
post,2022-01-10 18:00:00+00:00,Other,3,3,100.0
post,2022-01-10 21:00:00+00:00,Other,1,2,50.0
post,2022-01-10 21:00:00+00:00,disgust,1,2,50.0
post,2022-01-11 03:00:00+00:00,Other,2,2,100.0
post,2022-01-11 09:00:00+00:00,Other,1,1,100.0
post,2022-01-11 15:00:00+00:00,Other,3,5,60.0
post,2022-01-11 15:00:00+00:00,disgust,1,5,20.0
post,2022-01-11 15:00:00+00:00,sadness,1,5,20.0
post,2022-01-11 21:00:00+00:00,Other,1,1,100.0
post,2022-01-12 06:00:00+00:00,fear,1,1,100.0
post,2022-01-12 12:00:00+00:00,Other,2,4,50.0
post,2022-01-12 12:00:00+00:00,anger,1,4,25.0
post,2022-01-12 12:00:00+00:00,disgust,1,4,25.0
post,2022-01-12 15:00:00+00:00,Other,2,4,50.0
post,2022-01-12 15:00:00+00:00,anger,1,4,25.0
post,2022-01-12 15:00:00+00:00,disgust,1,4,25.0
post,2022-01-12 18:00:00+00:00,Other,1,1,100.0
post,2022-01-12 21:00:00+00:00,Other,1,3,33.333333333333336
post,2022-01-12 21:00:00+00:00,disgust,1,3,33.333333333333336
post,2022-01-12 21:00:00+00:00,sadness,1,3,33.333333333333336
retweet,2021-12-25 15:00:00+00:00,fear,16,49,32.6530612244898
retweet,2021-12-25 15:00:00+00:00,sadness,33,49,67.34693877551021
retweet,2021-12-25 18:00:00+00:00,Other,4,40,10.0
retweet,2021-12-25 18:00:00+00:00,anger,2,40,5.0
retweet,2021-12-25 18:00:00+00:00,fear,9,40,22.5
retweet,2021-12-25 18:00:00+00:00,sadness,25,40,62.5
retweet,2021-12-25 21:00:00+00:00,Other,28,176,15.909090909090908
retweet,2021-12-25 21:00:00+00:00,anger,23,176,13.068181818181818
retweet,2021-12-25 21:00:00+00:00,disgust,3,176,1.7045454545454546
retweet,2021-12-25 21:00:00+00:00,fear,45,176,25.568181818181817
retweet,2021-12-25 21:00:00+00:00,sadness,77,176,43.75
retweet,2021-12-26 00:00:00+00:00,Other,45,185,24.324324324324323
retweet,2021-12-26 00:00:00+00:00,anger,12,185,6.486486486486487
retweet,2021-12-26 00:00:00+00:00,disgust,14,185,7.5675675675675675
retweet,2021-12-26 00:00:00+00:00,fear,28,185,15.135135135135135
retweet,2021-12-26 00:00:00+00:00,sadness,86,185,46.486486486486484
retweet,2021-12-26 03:00:00+00:00,Other,6,37,16.216216216216218
retweet,2021-12-26 03:00:00+00:00,anger,5,37,13.513513513513514
retweet,2021-12-26 03:00:00+00:00,disgust,4,37,10.81081081081081
retweet,2021-12-26 03:00:00+00:00,fear,3,37,8.108108108108109
retweet,2021-12-26 03:00:00+00:00,sadness,19,37,51.351351351351354
retweet,2021-12-26 06:00:00+00:00,Other,94,473,19.873150105708245
retweet,2021-12-26 06:00:00+00:00,anger,83,473,17.547568710359407
retweet,2021-12-26 06:00:00+00:00,disgust,21,473,4.439746300211416
retweet,2021-12-26 06:00:00+00:00,fear,58,473,12.26215644820296
retweet,2021-12-26 06:00:00+00:00,sadness,217,473,45.87737843551797
retweet,2021-12-26 09:00:00+00:00,Other,425,1885,22.546419098143236
retweet,2021-12-26 09:00:00+00:00,anger,278,1885,14.748010610079575
retweet,2021-12-26 09:00:00+00:00,disgust,193,1885,10.238726790450928
retweet,2021-12-26 09:00:00+00:00,fear,230,1885,12.20159151193634
retweet,2021-12-26 09:00:00+00:00,sadness,759,1885,40.265251989389924
retweet,2021-12-26 12:00:00+00:00,Other,598,2888,20.706371191135734
retweet,2021-12-26 12:00:00+00:00,anger,834,2888,28.878116343490305
retweet,2021-12-26 12:00:00+00:00,disgust,266,2888,9.210526315789474
retweet,2021-12-26 12:00:00+00:00,fear,251,2888,8.691135734072022
retweet,2021-12-26 12:00:00+00:00,sadness,939,2888,32.513850415512465
retweet,2021-12-26 15:00:00+00:00,Other,485,2782,17.43350107836089
retweet,2021-12-26 15:00:00+00:00,anger,975,2782,35.046728971962615
retweet,2021-12-26 15:00:00+00:00,disgust,203,2782,7.296908698777858
retweet,2021-12-26 15:00:00+00:00,fear,291,2782,10.460100647016535
retweet,2021-12-26 15:00:00+00:00,sadness,828,2782,29.7627606038821
retweet,2021-12-26 18:00:00+00:00,Other,394,1754,22.462941847206384
retweet,2021-12-26 18:00:00+00:00,anger,595,1754,33.92246294184721
retweet,2021-12-26 18:00:00+00:00,disgust,122,1754,6.955530216647663
retweet,2021-12-26 18:00:00+00:00,fear,136,1754,7.753705815279361
retweet,2021-12-26 18:00:00+00:00,sadness,507,1754,28.905359179019385
retweet,2021-12-26 21:00:00+00:00,Other,330,1584,20.833333333333332
retweet,2021-12-26 21:00:00+00:00,anger,511,1584,32.26010101010101
retweet,2021-12-26 21:00:00+00:00,disgust,158,1584,9.974747474747474
retweet,2021-12-26 21:00:00+00:00,fear,96,1584,6.0606060606060606
retweet,2021-12-26 21:00:00+00:00,sadness,489,1584,30.87121212121212
retweet,2021-12-27 00:00:00+00:00,Other,140,671,20.864381520119224
retweet,2021-12-27 00:00:00+00:00,anger,182,671,27.12369597615499
retweet,2021-12-27 00:00:00+00:00,disgust,71,671,10.581222056631892
retweet,2021-12-27 00:00:00+00:00,fear,38,671,5.663189269746646
retweet,2021-12-27 00:00:00+00:00,sadness,240,671,35.767511177347245
retweet,2021-12-27 03:00:00+00:00,Other,32,160,20.0
retweet,2021-12-27 03:00:00+00:00,anger,41,160,25.625
retweet,2021-12-27 03:00:00+00:00,disgust,15,160,9.375
retweet,2021-12-27 03:00:00+00:00,fear,8,160,5.0
retweet,2021-12-27 03:00:00+00:00,sadness,64,160,40.0
retweet,2021-12-27 06:00:00+00:00,Other,112,639,17.52738654147105
retweet,2021-12-27 06:00:00+00:00,anger,226,639,35.36776212832551
retweet,2021-12-27 06:00:00+00:00,disgust,83,639,12.98904538341158
retweet,2021-12-27 06:00:00+00:00,fear,25,639,3.912363067292645
retweet,2021-12-27 06:00:00+00:00,sadness,193,639,30.203442879499217
retweet,2021-12-27 09:00:00+00:00,Other,202,898,22.494432071269486
retweet,2021-12-27 09:00:00+00:00,anger,290,898,32.29398663697105
retweet,2021-12-27 09:00:00+00:00,disgust,113,898,12.583518930957684
retweet,2021-12-27 09:00:00+00:00,fear,51,898,5.679287305122495
retweet,2021-12-27 09:00:00+00:00,sadness,242,898,26.948775055679288
retweet,2021-12-27 12:00:00+00:00,Other,268,1068,25.093632958801496
retweet,2021-12-27 12:00:00+00:00,anger,396,1068,37.07865168539326
retweet,2021-12-27 12:00:00+00:00,disgust,97,1068,9.082397003745319
retweet,2021-12-27 12:00:00+00:00,fear,52,1068,4.868913857677903
retweet,2021-12-27 12:00:00+00:00,sadness,255,1068,23.876404494382022
retweet,2021-12-27 15:00:00+00:00,Other,178,802,22.194513715710723
retweet,2021-12-27 15:00:00+00:00,anger,249,802,31.047381546134662
retweet,2021-12-27 15:00:00+00:00,disgust,74,802,9.226932668329177
retweet,2021-12-27 15:00:00+00:00,fear,48,802,5.985037406483791
retweet,2021-12-27 15:00:00+00:00,sadness,253,802,31.546134663341647
retweet,2021-12-27 18:00:00+00:00,Other,188,785,23.94904458598726
retweet,2021-12-27 18:00:00+00:00,anger,253,785,32.22929936305732
retweet,2021-12-27 18:00:00+00:00,disgust,71,785,9.044585987261147
retweet,2021-12-27 18:00:00+00:00,fear,56,785,7.13375796178344
retweet,2021-12-27 18:00:00+00:00,sadness,217,785,27.643312101910826
retweet,2021-12-27 21:00:00+00:00,Other,94,482,19.502074688796682
retweet,2021-12-27 21:00:00+00:00,anger,163,482,33.81742738589212
retweet,2021-12-27 21:00:00+00:00,disgust,66,482,13.692946058091286
retweet,2021-12-27 21:00:00+00:00,fear,38,482,7.8838174273858925
retweet,2021-12-27 21:00:00+00:00,sadness,121,482,25.103734439834025
retweet,2021-12-28 00:00:00+00:00,Other,34,191,17.801047120418847
retweet,2021-12-28 00:00:00+00:00,anger,58,191,30.36649214659686
retweet,2021-12-28 00:00:00+00:00,disgust,27,191,14.136125654450261
retweet,2021-12-28 00:00:00+00:00,fear,14,191,7.329842931937173
retweet,2021-12-28 00:00:00+00:00,sadness,58,191,30.36649214659686
retweet,2021-12-28 03:00:00+00:00,Other,9,41,21.951219512195124
retweet,2021-12-28 03:00:00+00:00,anger,14,41,34.146341463414636
retweet,2021-12-28 03:00:00+00:00,disgust,1,41,2.4390243902439024
retweet,2021-12-28 03:00:00+00:00,fear,4,41,9.75609756097561
retweet,2021-12-28 03:00:00+00:00,sadness,13,41,31.70731707317073
retweet,2021-12-28 06:00:00+00:00,Other,36,263,13.688212927756654
retweet,2021-12-28 06:00:00+00:00,anger,78,263,29.657794676806084
retweet,2021-12-28 06:00:00+00:00,disgust,54,263,20.53231939163498
retweet,2021-12-28 06:00:00+00:00,fear,16,263,6.083650190114068
retweet,2021-12-28 06:00:00+00:00,sadness,79,263,30.03802281368821
retweet,2021-12-28 09:00:00+00:00,Other,38,275,13.818181818181818
retweet,2021-12-28 09:00:00+00:00,anger,91,275,33.09090909090909
retweet,2021-12-28 09:00:00+00:00,disgust,44,275,16.0
retweet,2021-12-28 09:00:00+00:00,fear,12,275,4.363636363636363
retweet,2021-12-28 09:00:00+00:00,sadness,90,275,32.72727272727273
retweet,2021-12-28 12:00:00+00:00,Other,20,122,16.39344262295082
retweet,2021-12-28 12:00:00+00:00,anger,37,122,30.327868852459016
retweet,2021-12-28 12:00:00+00:00,disgust,28,122,22.950819672131146
retweet,2021-12-28 12:00:00+00:00,fear,3,122,2.459016393442623
retweet,2021-12-28 12:00:00+00:00,sadness,34,122,27.868852459016395
retweet,2021-12-28 15:00:00+00:00,Other,41,138,29.71014492753623
retweet,2021-12-28 15:00:00+00:00,anger,29,138,21.014492753623188
retweet,2021-12-28 15:00:00+00:00,disgust,11,138,7.971014492753623
retweet,2021-12-28 15:00:00+00:00,fear,15,138,10.869565217391305
retweet,2021-12-28 15:00:00+00:00,sadness,42,138,30.434782608695652
retweet,2021-12-28 18:00:00+00:00,Other,27,106,25.471698113207548
retweet,2021-12-28 18:00:00+00:00,anger,30,106,28.30188679245283
retweet,2021-12-28 18:00:00+00:00,disgust,8,106,7.547169811320755
retweet,2021-12-28 18:00:00+00:00,fear,9,106,8.49056603773585
retweet,2021-12-28 18:00:00+00:00,sadness,32,106,30.18867924528302
retweet,2021-12-28 21:00:00+00:00,Other,34,106,32.075471698113205
retweet,2021-12-28 21:00:00+00:00,anger,39,106,36.79245283018868
retweet,2021-12-28 21:00:00+00:00,disgust,5,106,4.716981132075472
retweet,2021-12-28 21:00:00+00:00,fear,15,106,14.150943396226415
retweet,2021-12-28 21:00:00+00:00,sadness,13,106,12.264150943396226
retweet,2021-12-29 00:00:00+00:00,Other,3,37,8.108108108108109
retweet,2021-12-29 00:00:00+00:00,anger,16,37,43.24324324324324
retweet,2021-12-29 00:00:00+00:00,disgust,6,37,16.216216216216218
retweet,2021-12-29 00:00:00+00:00,fear,1,37,2.7027027027027026
retweet,2021-12-29 00:00:00+00:00,sadness,11,37,29.72972972972973
retweet,2021-12-29 03:00:00+00:00,Other,1,9,11.11111111111111
retweet,2021-12-29 03:00:00+00:00,anger,4,9,44.44444444444444
retweet,2021-12-29 03:00:00+00:00,sadness,4,9,44.44444444444444
retweet,2021-12-29 06:00:00+00:00,Other,11,55,20.0
retweet,2021-12-29 06:00:00+00:00,anger,31,55,56.36363636363637
retweet,2021-12-29 06:00:00+00:00,disgust,5,55,9.090909090909092
retweet,2021-12-29 06:00:00+00:00,fear,2,55,3.6363636363636362
retweet,2021-12-29 06:00:00+00:00,sadness,6,55,10.909090909090908
retweet,2021-12-29 09:00:00+00:00,Other,17,106,16.037735849056602
retweet,2021-12-29 09:00:00+00:00,anger,45,106,42.45283018867924
retweet,2021-12-29 09:00:00+00:00,disgust,24,106,22.641509433962263
retweet,2021-12-29 09:00:00+00:00,fear,2,106,1.8867924528301887
retweet,2021-12-29 09:00:00+00:00,sadness,18,106,16.9811320754717
retweet,2021-12-29 12:00:00+00:00,Other,10,85,11.764705882352942
retweet,2021-12-29 12:00:00+00:00,anger,27,85,31.764705882352942
retweet,2021-12-29 12:00:00+00:00,disgust,34,85,40.0
retweet,2021-12-29 12:00:00+00:00,fear,5,85,5.882352941176471
retweet,2021-12-29 12:00:00+00:00,sadness,9,85,10.588235294117647
retweet,2021-12-29 15:00:00+00:00,Other,20,95,21.05263157894737
retweet,2021-12-29 15:00:00+00:00,anger,36,95,37.89473684210526
retweet,2021-12-29 15:00:00+00:00,disgust,21,95,22.105263157894736
retweet,2021-12-29 15:00:00+00:00,fear,1,95,1.0526315789473684
retweet,2021-12-29 15:00:00+00:00,sadness,17,95,17.894736842105264
retweet,2021-12-29 18:00:00+00:00,Other,12,67,17.91044776119403
retweet,2021-12-29 18:00:00+00:00,anger,24,67,35.82089552238806
retweet,2021-12-29 18:00:00+00:00,disgust,11,67,16.417910447761194
retweet,2021-12-29 18:00:00+00:00,fear,5,67,7.462686567164179
retweet,2021-12-29 18:00:00+00:00,sadness,15,67,22.388059701492537
retweet,2021-12-29 21:00:00+00:00,Other,11,30,36.666666666666664
retweet,2021-12-29 21:00:00+00:00,anger,9,30,30.0
retweet,2021-12-29 21:00:00+00:00,disgust,3,30,10.0
retweet,2021-12-29 21:00:00+00:00,fear,1,30,3.3333333333333335
retweet,2021-12-29 21:00:00+00:00,sadness,6,30,20.0
retweet,2021-12-30 00:00:00+00:00,Other,9,28,32.142857142857146
retweet,2021-12-30 00:00:00+00:00,anger,10,28,35.714285714285715
retweet,2021-12-30 00:00:00+00:00,disgust,4,28,14.285714285714286
retweet,2021-12-30 00:00:00+00:00,fear,2,28,7.142857142857143
retweet,2021-12-30 00:00:00+00:00,sadness,3,28,10.714285714285714
retweet,2021-12-30 03:00:00+00:00,Other,4,15,26.666666666666668
retweet,2021-12-30 03:00:00+00:00,anger,5,15,33.333333333333336
retweet,2021-12-30 03:00:00+00:00,disgust,1,15,6.666666666666667
retweet,2021-12-30 03:00:00+00:00,sadness,5,15,33.333333333333336
retweet,2021-12-30 06:00:00+00:00,Other,8,41,19.51219512195122
retweet,2021-12-30 06:00:00+00:00,anger,17,41,41.46341463414634
retweet,2021-12-30 06:00:00+00:00,disgust,6,41,14.634146341463415
retweet,2021-12-30 06:00:00+00:00,fear,2,41,4.878048780487805
retweet,2021-12-30 06:00:00+00:00,sadness,8,41,19.51219512195122
retweet,2021-12-30 09:00:00+00:00,Other,12,41,29.26829268292683
retweet,2021-12-30 09:00:00+00:00,anger,17,41,41.46341463414634
retweet,2021-12-30 09:00:00+00:00,disgust,3,41,7.317073170731708
retweet,2021-12-30 09:00:00+00:00,fear,1,41,2.4390243902439024
retweet,2021-12-30 09:00:00+00:00,sadness,8,41,19.51219512195122
retweet,2021-12-30 12:00:00+00:00,Other,28,42,66.66666666666667
retweet,2021-12-30 12:00:00+00:00,anger,10,42,23.80952380952381
retweet,2021-12-30 12:00:00+00:00,sadness,4,42,9.523809523809524
retweet,2021-12-30 15:00:00+00:00,Other,13,25,52.0
retweet,2021-12-30 15:00:00+00:00,anger,9,25,36.0
retweet,2021-12-30 15:00:00+00:00,disgust,1,25,4.0
retweet,2021-12-30 15:00:00+00:00,sadness,2,25,8.0
retweet,2021-12-30 18:00:00+00:00,Other,7,20,35.0
retweet,2021-12-30 18:00:00+00:00,anger,5,20,25.0
retweet,2021-12-30 18:00:00+00:00,disgust,2,20,10.0
retweet,2021-12-30 18:00:00+00:00,sadness,6,20,30.0
retweet,2021-12-30 21:00:00+00:00,Other,6,20,30.0
retweet,2021-12-30 21:00:00+00:00,anger,2,20,10.0
retweet,2021-12-30 21:00:00+00:00,sadness,12,20,60.0
retweet,2021-12-31 00:00:00+00:00,Other,1,10,10.0
retweet,2021-12-31 00:00:00+00:00,anger,3,10,30.0
retweet,2021-12-31 00:00:00+00:00,disgust,1,10,10.0
retweet,2021-12-31 00:00:00+00:00,sadness,5,10,50.0
retweet,2021-12-31 03:00:00+00:00,Other,1,5,20.0
retweet,2021-12-31 03:00:00+00:00,anger,2,5,40.0
retweet,2021-12-31 03:00:00+00:00,sadness,2,5,40.0
retweet,2021-12-31 06:00:00+00:00,Other,3,16,18.75
retweet,2021-12-31 06:00:00+00:00,anger,7,16,43.75
retweet,2021-12-31 06:00:00+00:00,sadness,6,16,37.5
retweet,2021-12-31 09:00:00+00:00,Other,3,12,25.0
retweet,2021-12-31 09:00:00+00:00,anger,4,12,33.333333333333336
retweet,2021-12-31 09:00:00+00:00,sadness,5,12,41.666666666666664
retweet,2021-12-31 12:00:00+00:00,Other,1,10,10.0
retweet,2021-12-31 12:00:00+00:00,anger,6,10,60.0
retweet,2021-12-31 12:00:00+00:00,sadness,3,10,30.0
retweet,2021-12-31 15:00:00+00:00,Other,10,14,71.42857142857143
retweet,2021-12-31 15:00:00+00:00,sadness,4,14,28.571428571428573
retweet,2021-12-31 18:00:00+00:00,Other,2,4,50.0
retweet,2021-12-31 18:00:00+00:00,sadness,2,4,50.0
retweet,2021-12-31 21:00:00+00:00,Other,1,4,25.0
retweet,2021-12-31 21:00:00+00:00,anger,1,4,25.0
retweet,2021-12-31 21:00:00+00:00,sadness,2,4,50.0
retweet,2022-01-01 00:00:00+00:00,anger,2,2,100.0
retweet,2022-01-01 06:00:00+00:00,Other,1,1,100.0
retweet,2022-01-01 09:00:00+00:00,Other,2,5,40.0
retweet,2022-01-01 09:00:00+00:00,anger,1,5,20.0
retweet,2022-01-01 09:00:00+00:00,disgust,1,5,20.0
retweet,2022-01-01 09:00:00+00:00,sadness,1,5,20.0
retweet,2022-01-01 12:00:00+00:00,disgust,2,2,100.0
retweet,2022-01-01 15:00:00+00:00,Other,4,8,50.0
retweet,2022-01-01 15:00:00+00:00,fear,2,8,25.0
retweet,2022-01-01 15:00:00+00:00,sadness,2,8,25.0
retweet,2022-01-01 18:00:00+00:00,Other,6,15,40.0
retweet,2022-01-01 18:00:00+00:00,anger,5,15,33.333333333333336
retweet,2022-01-01 18:00:00+00:00,disgust,1,15,6.666666666666667
retweet,2022-01-01 18:00:00+00:00,sadness,3,15,20.0
retweet,2022-01-01 21:00:00+00:00,Other,4,6,66.66666666666667
retweet,2022-01-01 21:00:00+00:00,sadness,2,6,33.333333333333336
retweet,2022-01-02 00:00:00+00:00,Other,1,1,100.0
retweet,2022-01-02 06:00:00+00:00,Other,1,1,100.0
retweet,2022-01-02 09:00:00+00:00,Other,1,6,16.666666666666668
retweet,2022-01-02 09:00:00+00:00,disgust,1,6,16.666666666666668
retweet,2022-01-02 09:00:00+00:00,sadness,4,6,66.66666666666667
retweet,2022-01-02 12:00:00+00:00,Other,7,15,46.666666666666664
retweet,2022-01-02 12:00:00+00:00,anger,3,15,20.0
retweet,2022-01-02 12:00:00+00:00,sadness,5,15,33.333333333333336
retweet,2022-01-02 15:00:00+00:00,Other,13,21,61.904761904761905
retweet,2022-01-02 15:00:00+00:00,anger,1,21,4.761904761904762
retweet,2022-01-02 15:00:00+00:00,disgust,1,21,4.761904761904762
retweet,2022-01-02 15:00:00+00:00,sadness,6,21,28.571428571428573
retweet,2022-01-02 18:00:00+00:00,Other,14,22,63.63636363636363
retweet,2022-01-02 18:00:00+00:00,anger,1,22,4.545454545454546
retweet,2022-01-02 18:00:00+00:00,disgust,1,22,4.545454545454546
retweet,2022-01-02 18:00:00+00:00,sadness,6,22,27.272727272727273
retweet,2022-01-02 21:00:00+00:00,Other,4,8,50.0
retweet,2022-01-02 21:00:00+00:00,anger,1,8,12.5
retweet,2022-01-02 21:00:00+00:00,sadness,3,8,37.5
retweet,2022-01-03 00:00:00+00:00,Other,2,5,40.0
retweet,2022-01-03 00:00:00+00:00,anger,1,5,20.0
retweet,2022-01-03 00:00:00+00:00,sadness,2,5,40.0
retweet,2022-01-03 03:00:00+00:00,sadness,1,1,100.0
retweet,2022-01-03 06:00:00+00:00,Other,3,13,23.076923076923077
retweet,2022-01-03 06:00:00+00:00,anger,3,13,23.076923076923077
retweet,2022-01-03 06:00:00+00:00,disgust,1,13,7.6923076923076925
retweet,2022-01-03 06:00:00+00:00,fear,1,13,7.6923076923076925
retweet,2022-01-03 06:00:00+00:00,sadness,5,13,38.46153846153846
retweet,2022-01-03 09:00:00+00:00,Other,1,6,16.666666666666668
retweet,2022-01-03 09:00:00+00:00,fear,1,6,16.666666666666668
retweet,2022-01-03 09:00:00+00:00,sadness,4,6,66.66666666666667
retweet,2022-01-03 12:00:00+00:00,Other,1,6,16.666666666666668
retweet,2022-01-03 12:00:00+00:00,fear,2,6,33.333333333333336
retweet,2022-01-03 12:00:00+00:00,sadness,3,6,50.0
retweet,2022-01-03 15:00:00+00:00,fear,1,5,20.0
retweet,2022-01-03 15:00:00+00:00,sadness,4,5,80.0
retweet,2022-01-03 18:00:00+00:00,Other,3,10,30.0
retweet,2022-01-03 18:00:00+00:00,anger,5,10,50.0
retweet,2022-01-03 18:00:00+00:00,disgust,1,10,10.0
retweet,2022-01-03 18:00:00+00:00,sadness,1,10,10.0
retweet,2022-01-03 21:00:00+00:00,Other,11,50,22.0
retweet,2022-01-03 21:00:00+00:00,anger,24,50,48.0
retweet,2022-01-03 21:00:00+00:00,disgust,2,50,4.0
retweet,2022-01-03 21:00:00+00:00,sadness,13,50,26.0
retweet,2022-01-04 00:00:00+00:00,anger,1,1,100.0
retweet,2022-01-04 03:00:00+00:00,anger,3,3,100.0
retweet,2022-01-04 06:00:00+00:00,anger,8,9,88.88888888888889
retweet,2022-01-04 06:00:00+00:00,sadness,1,9,11.11111111111111
retweet,2022-01-04 09:00:00+00:00,anger,12,14,85.71428571428571
retweet,2022-01-04 09:00:00+00:00,sadness,2,14,14.285714285714286
retweet,2022-01-04 12:00:00+00:00,anger,12,19,63.1578947368421
retweet,2022-01-04 12:00:00+00:00,fear,3,19,15.789473684210526
retweet,2022-01-04 12:00:00+00:00,sadness,4,19,21.05263157894737
retweet,2022-01-04 15:00:00+00:00,anger,5,13,38.46153846153846
retweet,2022-01-04 15:00:00+00:00,fear,8,13,61.53846153846154
retweet,2022-01-04 18:00:00+00:00,Other,1,23,4.3478260869565215
retweet,2022-01-04 18:00:00+00:00,anger,11,23,47.82608695652174
retweet,2022-01-04 18:00:00+00:00,fear,10,23,43.47826086956522
retweet,2022-01-04 18:00:00+00:00,sadness,1,23,4.3478260869565215
retweet,2022-01-04 21:00:00+00:00,Other,1,8,12.5
retweet,2022-01-04 21:00:00+00:00,anger,1,8,12.5
retweet,2022-01-04 21:00:00+00:00,fear,6,8,75.0
retweet,2022-01-05 00:00:00+00:00,fear,3,3,100.0
retweet,2022-01-05 06:00:00+00:00,fear,4,4,100.0
retweet,2022-01-05 09:00:00+00:00,Other,2,33,6.0606060606060606
retweet,2022-01-05 09:00:00+00:00,anger,28,33,84.84848484848484
retweet,2022-01-05 09:00:00+00:00,disgust,1,33,3.0303030303030303
retweet,2022-01-05 09:00:00+00:00,fear,2,33,6.0606060606060606
retweet,2022-01-05 12:00:00+00:00,Other,1,29,3.4482758620689653
retweet,2022-01-05 12:00:00+00:00,anger,26,29,89.65517241379311
retweet,2022-01-05 12:00:00+00:00,fear,2,29,6.896551724137931
retweet,2022-01-05 15:00:00+00:00,Other,1,16,6.25
retweet,2022-01-05 15:00:00+00:00,anger,15,16,93.75
retweet,2022-01-05 18:00:00+00:00,anger,13,14,92.85714285714286
retweet,2022-01-05 18:00:00+00:00,sadness,1,14,7.142857142857143
retweet,2022-01-05 21:00:00+00:00,anger,9,9,100.0
retweet,2022-01-06 00:00:00+00:00,anger,1,2,50.0
retweet,2022-01-06 00:00:00+00:00,sadness,1,2,50.0
retweet,2022-01-06 09:00:00+00:00,anger,2,2,100.0
retweet,2022-01-06 15:00:00+00:00,sadness,1,1,100.0
retweet,2022-01-06 18:00:00+00:00,Other,1,1,100.0
retweet,2022-01-06 21:00:00+00:00,anger,1,1,100.0
retweet,2022-01-07 03:00:00+00:00,anger,1,1,100.0
retweet,2022-01-07 15:00:00+00:00,anger,30,31,96.7741935483871
retweet,2022-01-07 15:00:00+00:00,disgust,1,31,3.225806451612903
retweet,2022-01-07 18:00:00+00:00,Other,1,31,3.225806451612903
retweet,2022-01-07 18:00:00+00:00,anger,29,31,93.54838709677419
retweet,2022-01-07 18:00:00+00:00,sadness,1,31,3.225806451612903
retweet,2022-01-07 21:00:00+00:00,anger,40,41,97.5609756097561
retweet,2022-01-07 21:00:00+00:00,sadness,1,41,2.4390243902439024
retweet,2022-01-08 00:00:00+00:00,anger,26,27,96.29629629629629
retweet,2022-01-08 00:00:00+00:00,disgust,1,27,3.7037037037037037
retweet,2022-01-08 03:00:00+00:00,anger,4,4,100.0
retweet,2022-01-08 06:00:00+00:00,Other,12,28,42.857142857142854
retweet,2022-01-08 06:00:00+00:00,anger,13,28,46.42857142857143
retweet,2022-01-08 06:00:00+00:00,disgust,1,28,3.5714285714285716
retweet,2022-01-08 06:00:00+00:00,fear,1,28,3.5714285714285716
retweet,2022-01-08 06:00:00+00:00,sadness,1,28,3.5714285714285716
retweet,2022-01-08 09:00:00+00:00,Other,25,49,51.02040816326531
retweet,2022-01-08 09:00:00+00:00,anger,21,49,42.857142857142854
retweet,2022-01-08 09:00:00+00:00,disgust,1,49,2.0408163265306123
retweet,2022-01-08 09:00:00+00:00,sadness,2,49,4.081632653061225
retweet,2022-01-08 12:00:00+00:00,Other,26,43,60.46511627906977
retweet,2022-01-08 12:00:00+00:00,anger,15,43,34.883720930232556
retweet,2022-01-08 12:00:00+00:00,sadness,2,43,4.651162790697675
retweet,2022-01-08 15:00:00+00:00,Other,12,34,35.294117647058826
retweet,2022-01-08 15:00:00+00:00,anger,13,34,38.23529411764706
retweet,2022-01-08 15:00:00+00:00,disgust,6,34,17.647058823529413
retweet,2022-01-08 15:00:00+00:00,sadness,3,34,8.823529411764707
retweet,2022-01-08 18:00:00+00:00,Other,8,20,40.0
retweet,2022-01-08 18:00:00+00:00,anger,5,20,25.0
retweet,2022-01-08 18:00:00+00:00,disgust,5,20,25.0
retweet,2022-01-08 18:00:00+00:00,sadness,2,20,10.0
retweet,2022-01-08 21:00:00+00:00,Other,2,7,28.571428571428573
retweet,2022-01-08 21:00:00+00:00,anger,3,7,42.857142857142854
retweet,2022-01-08 21:00:00+00:00,disgust,2,7,28.571428571428573
retweet,2022-01-09 00:00:00+00:00,Other,4,5,80.0
retweet,2022-01-09 00:00:00+00:00,anger,1,5,20.0
retweet,2022-01-09 03:00:00+00:00,Other,2,3,66.66666666666667
retweet,2022-01-09 03:00:00+00:00,sadness,1,3,33.333333333333336
retweet,2022-01-09 06:00:00+00:00,Other,2,4,50.0
retweet,2022-01-09 06:00:00+00:00,anger,1,4,25.0
retweet,2022-01-09 06:00:00+00:00,sadness,1,4,25.0
retweet,2022-01-09 09:00:00+00:00,Other,1,5,20.0
retweet,2022-01-09 09:00:00+00:00,anger,1,5,20.0
retweet,2022-01-09 09:00:00+00:00,sadness,3,5,60.0
retweet,2022-01-09 12:00:00+00:00,Other,10,14,71.42857142857143
retweet,2022-01-09 12:00:00+00:00,anger,1,14,7.142857142857143
retweet,2022-01-09 12:00:00+00:00,disgust,1,14,7.142857142857143
retweet,2022-01-09 12:00:00+00:00,sadness,2,14,14.285714285714286
retweet,2022-01-09 15:00:00+00:00,Other,13,14,92.85714285714286
retweet,2022-01-09 15:00:00+00:00,sadness,1,14,7.142857142857143
retweet,2022-01-09 18:00:00+00:00,Other,4,5,80.0
retweet,2022-01-09 18:00:00+00:00,sadness,1,5,20.0
retweet,2022-01-09 21:00:00+00:00,Other,13,17,76.47058823529412
retweet,2022-01-09 21:00:00+00:00,disgust,1,17,5.882352941176471
retweet,2022-01-09 21:00:00+00:00,sadness,3,17,17.647058823529413
retweet,2022-01-10 00:00:00+00:00,Other,9,9,100.0
retweet,2022-01-10 06:00:00+00:00,Other,2,3,66.66666666666667
retweet,2022-01-10 06:00:00+00:00,anger,1,3,33.333333333333336
retweet,2022-01-10 09:00:00+00:00,Other,1,3,33.333333333333336
retweet,2022-01-10 09:00:00+00:00,sadness,2,3,66.66666666666667
retweet,2022-01-10 12:00:00+00:00,Other,13,18,72.22222222222223
retweet,2022-01-10 12:00:00+00:00,sadness,5,18,27.77777777777778
retweet,2022-01-10 15:00:00+00:00,Other,1,3,33.333333333333336
retweet,2022-01-10 15:00:00+00:00,sadness,2,3,66.66666666666667
retweet,2022-01-10 18:00:00+00:00,Other,64,64,100.0
retweet,2022-01-10 21:00:00+00:00,Other,16,18,88.88888888888889
retweet,2022-01-10 21:00:00+00:00,anger,2,18,11.11111111111111
retweet,2022-01-11 00:00:00+00:00,Other,3,3,100.0
retweet,2022-01-11 06:00:00+00:00,Other,10,10,100.0
retweet,2022-01-11 09:00:00+00:00,Other,2,4,50.0
retweet,2022-01-11 09:00:00+00:00,sadness,2,4,50.0
retweet,2022-01-11 12:00:00+00:00,Other,1,2,50.0
retweet,2022-01-11 12:00:00+00:00,anger,1,2,50.0
retweet,2022-01-11 15:00:00+00:00,Other,6,8,75.0
retweet,2022-01-11 15:00:00+00:00,anger,2,8,25.0
retweet,2022-01-11 18:00:00+00:00,Other,2,4,50.0
retweet,2022-01-11 18:00:00+00:00,anger,1,4,25.0
retweet,2022-01-11 18:00:00+00:00,sadness,1,4,25.0
retweet,2022-01-11 21:00:00+00:00,Other,5,5,100.0
retweet,2022-01-12 00:00:00+00:00,anger,1,1,100.0
retweet,2022-01-12 03:00:00+00:00,sadness,1,1,100.0
retweet,2022-01-12 06:00:00+00:00,Other,2,2,100.0
retweet,2022-01-12 09:00:00+00:00,sadness,2,2,100.0
retweet,2022-01-12 12:00:00+00:00,Other,3,19,15.789473684210526
retweet,2022-01-12 12:00:00+00:00,anger,6,19,31.57894736842105
retweet,2022-01-12 12:00:00+00:00,disgust,1,19,5.2631578947368425
retweet,2022-01-12 12:00:00+00:00,sadness,9,19,47.36842105263158
retweet,2022-01-12 15:00:00+00:00,Other,3,14,21.428571428571427
retweet,2022-01-12 15:00:00+00:00,anger,9,14,64.28571428571429
retweet,2022-01-12 15:00:00+00:00,sadness,2,14,14.285714285714286
retweet,2022-01-12 18:00:00+00:00,Other,1,15,6.666666666666667
retweet,2022-01-12 18:00:00+00:00,anger,5,15,33.333333333333336
retweet,2022-01-12 18:00:00+00:00,disgust,2,15,13.333333333333334
retweet,2022-01-12 18:00:00+00:00,sadness,7,15,46.666666666666664
retweet,2022-01-12 21:00:00+00:00,Other,1,9,11.11111111111111
retweet,2022-01-12 21:00:00+00:00,anger,2,9,22.22222222222222
retweet,2022-01-12 21:00:00+00:00,disgust,1,9,11.11111111111111
retweet,2022-01-12 21:00:00+00:00,sadness,5,9,55.55555555555556
retweet,2022-01-13 00:00:00+00:00,sadness,7,7,100.0
retweet,2022-01-13 03:00:00+00:00,sadness,4,4,100.0
